user_id,ingreso_mensual,nivel_endeudamiento,frecuencia_ahorro,num_transacciones,gasto_total,ratio_gasto_ingreso,perfil_financiero,gasto_alimentacion,gasto_transporte,gasto_salud,gasto_vivienda,gasto_educacion,gasto_ocio,gasto_servicios,gasto_otros
1,4441.23,49.3,Baja,11,1495.63,0.337,En observacion,1036.56,131.33,284.07,0.0,0.0,0.0,43.67,0.0
2,4136.32,12.0,Baja,11,1392.12,0.337,En observacion,143.7,339.0,0.0,624.44,0.0,133.11,94.98,56.89
3,2863.34,44.9,Baja,13,2100.41,0.734,En riesgo,766.05,321.26,270.03,242.43,0.0,156.02,104.44,240.18
4,3412.83,36.8,Alta,9,955.38,0.28,En riesgo,301.61,49.74,235.09,0.0,0.0,95.46,25.06,248.42
5,5499.43,51.8,Alta,16,3211.18,0.584,En observacion,541.99,293.18,49.08,1600.98,468.91,145.75,111.29,0.0
6,2837.3,28.7,Media,15,1715.78,0.605,Saludable,920.63,349.65,0.0,0.0,0.0,204.4,241.1,0.0
7,6302.77,47.9,Media,15,2338.9,0.371,Saludable,331.98,389.86,475.67,405.37,385.92,126.47,74.57,149.06
8,3193.7,61.5,Baja,15,1931.86,0.605,En riesgo,188.07,575.88,222.54,493.48,0.0,196.04,116.37,139.48
9,6387.4,68.0,Alta,11,1404.75,0.22,En observacion,629.77,13.32,333.33,218.76,0.0,33.31,108.28,67.98
10,2902.94,22.8,Media,12,2018.32,0.695,Saludable,719.46,165.98,656.85,0.0,262.41,0.0,0.0,213.62
11,2773.85,35.5,Baja,20,2186.38,0.788,En riesgo,461.14,801.74,0.0,333.86,0.0,406.52,132.79,50.33
12,5110.03,51.6,Media,18,2176.2,0.426,En observacion,685.06,594.34,234.93,0.0,0.0,323.98,337.89,0.0
13,2594.85,18.8,Alta,15,2511.37,0.968,En observacion,1028.06,385.93,344.34,498.51,0.0,126.2,0.0,128.33
14,2965.54,31.3,Baja,20,2250.61,0.759,En riesgo,886.41,103.12,456.52,439.14,104.62,15.67,228.78,16.35
15,4724.69,55.7,Media,20,1991.3,0.421,En observacion,427.86,486.11,240.52,0.0,0.0,450.24,51.56,335.01
16,2141.51,45.2,Baja,21,2098.26,0.98,En riesgo,503.89,415.55,387.38,0.0,209.36,51.89,352.81,177.38
17,2743.34,30.5,Media,9,1601.91,0.584,En observacion,502.32,191.07,0.0,620.73,0.0,125.15,0.0,162.64
18,2997.18,46.6,Media,9,1059.03,0.353,En observacion,257.25,226.53,0.0,0.0,0.0,317.87,257.38,0.0
19,5114.53,16.9,Alta,15,1396.79,0.273,Saludable,454.66,30.62,18.09,0.0,0.0,628.26,189.0,76.16
20,7823.81,64.9,Alta,21,2140.46,0.274,En observacion,767.31,570.55,43.82,186.38,55.51,138.84,274.63,103.42
21,2240.21,58.5,Media,24,3184.68,1.422,En riesgo,13.16,81.72,200.95,903.01,819.92,431.81,198.61,535.5
22,3982.39,29.1,Media,23,4069.4,1.022,En observacion,868.31,476.57,0.0,1149.67,1011.27,169.68,265.62,128.28
23,3720.97,15.8,Alta,20,2854.31,0.767,Saludable,414.34,334.06,997.0,555.28,0.0,298.87,219.19,35.57
24,4039.01,39.5,Alta,19,3352.38,0.83,En observacion,932.62,717.43,0.0,1292.68,110.74,73.99,224.92,0.0
25,3710.02,20.5,Media,14,1432.07,0.386,Saludable,427.4,247.22,312.69,0.0,0.0,108.5,247.11,89.15
26,1842.07,33.8,Media,22,1984.05,1.077,En riesgo,411.94,371.98,150.08,542.47,227.96,69.58,144.67,65.37
27,4278.03,73.0,Alta,17,2170.99,0.507,En observacion,538.15,563.25,25.45,524.13,128.83,65.57,167.1,158.51
28,5118.21,5.1,Media,9,553.69,0.108,Saludable,41.14,153.36,122.53,0.0,0.0,0.0,236.66,0.0
29,5697.77,27.6,Media,17,1772.33,0.311,Saludable,257.57,333.7,345.75,328.05,0.0,279.22,0.0,228.04
30,3125.14,27.2,Alta,12,2031.68,0.65,Saludable,393.98,143.73,291.3,861.7,0.0,302.9,38.07,0.0
31,2611.34,18.3,Media,10,1037.62,0.397,Saludable,283.64,77.32,0.0,455.31,0.0,173.62,47.73,0.0
32,2861.82,39.6,Baja,18,2352.46,0.822,En riesgo,547.47,635.09,61.64,515.43,0.0,40.96,551.87,0.0
33,6480.98,19.1,Media,13,1771.86,0.273,Saludable,109.81,97.83,622.57,300.69,0.0,169.8,307.06,164.1
34,2015.38,45.2,Media,12,1441.28,0.715,En observacion,431.77,414.81,58.23,166.77,0.0,66.59,0.0,303.11
35,5996.5,59.7,Media,15,2007.92,0.335,En observacion,331.96,574.81,467.06,0.0,365.67,150.76,39.52,78.14
36,3357.2,34.0,Alta,13,1635.8,0.487,Saludable,410.48,434.62,0.0,0.0,153.95,121.8,96.91,418.04
37,4867.36,60.9,Media,24,3282.43,0.674,En observacion,813.92,762.42,55.14,630.54,718.77,86.41,215.23,0.0
38,3269.67,16.7,Baja,10,954.61,0.292,En observacion,156.86,372.74,224.36,0.0,0.0,40.21,160.44,0.0
39,3878.88,84.8,Media,23,2006.65,0.517,En observacion,877.96,166.55,0.0,162.69,0.0,233.17,383.74,182.54
40,5041.94,22.9,Baja,14,1705.56,0.338,En observacion,440.76,296.49,0.0,360.71,361.42,15.69,0.0,230.49
41,5789.1,7.8,Media,9,1174.72,0.203,Saludable,123.39,812.78,54.93,0.0,0.0,123.56,0.0,60.06
42,3148.1,15.0,Baja,20,2667.42,0.847,En observacion,393.61,418.38,200.65,851.08,0.0,216.19,263.52,323.99
43,4764.29,14.3,Media,14,1660.02,0.348,Saludable,87.25,722.37,97.28,579.43,0.0,89.33,84.36,0.0
44,4435.2,30.2,Media,17,2427.98,0.547,En observacion,138.83,189.72,352.59,765.54,332.16,0.0,621.02,28.12
45,1982.92,26.3,Media,20,2472.67,1.247,En observacion,317.85,379.93,796.08,0.0,0.0,364.72,466.97,147.12
46,5719.45,23.2,Media,17,1746.24,0.305,Saludable,172.73,619.86,111.86,307.65,0.0,242.26,190.17,101.71
47,2961.89,45.2,Baja,9,1645.61,0.556,En observacion,582.69,163.44,193.84,0.0,528.35,0.0,0.0,177.29
48,2568.17,66.7,Baja,15,2057.03,0.801,En riesgo,821.56,95.55,818.31,0.0,31.7,53.04,219.71,17.16
49,2521.32,33.2,Baja,18,2917.44,1.157,En riesgo,407.65,679.05,0.0,791.34,674.42,55.04,163.06,146.88
50,6761.51,64.1,Alta,26,4747.57,0.702,En observacion,1213.81,317.75,841.21,1860.64,0.0,184.04,170.75,159.37
51,4598.66,43.4,Alta,15,2700.36,0.587,Saludable,916.01,0.0,311.18,1085.34,35.97,351.86,0.0,0.0
52,3326.63,32.3,Baja,10,1881.93,0.566,En observacion,37.81,118.0,0.0,952.44,227.97,186.56,359.15,0.0
53,3709.21,25.0,Baja,9,1311.98,0.354,En observacion,205.18,19.15,483.09,0.0,154.71,0.0,116.2,333.65
54,6810.42,39.1,Media,20,2485.6,0.365,En observacion,1073.93,524.74,426.79,0.0,86.36,144.61,229.17,0.0
55,2206.99,49.2,Media,21,3016.22,1.367,En riesgo,758.17,874.74,444.97,713.37,0.0,201.3,23.67,0.0
56,3599.07,58.6,Media,25,2218.5,0.616,En observacion,377.38,334.61,368.17,0.0,296.67,406.6,254.71,180.36
57,7473.17,51.9,Alta,13,1645.16,0.22,En observacion,805.55,278.4,169.27,0.0,0.0,344.1,47.84,0.0
58,3047.29,51.5,Media,17,2134.63,0.701,En riesgo,1209.58,55.69,472.24,0.0,93.29,163.36,140.47,0.0
59,3696.72,43.8,Baja,26,4244.4,1.148,En riesgo,1094.34,349.98,590.41,732.34,715.29,359.21,247.42,155.41
60,3962.53,44.0,Alta,19,1954.08,0.493,Saludable,520.03,852.31,82.27,0.0,146.95,119.87,32.67,199.98
61,3282.3,35.2,Baja,21,2464.89,0.751,En riesgo,1380.3,111.45,91.88,0.0,387.97,105.71,387.58,0.0
62,5115.8,31.3,Media,8,1175.76,0.23,En observacion,90.06,439.0,0.0,415.92,208.32,22.46,0.0,0.0
63,2836.97,54.3,Alta,20,2970.2,1.047,En riesgo,1095.27,751.28,511.03,0.0,350.84,54.23,207.55,0.0
64,2522.83,24.4,Baja,8,1583.16,0.628,En observacion,278.6,440.25,0.0,764.02,0.0,100.29,0.0,0.0
65,3397.42,54.9,Media,9,1357.16,0.399,En observacion,366.5,84.65,191.55,374.35,275.58,14.15,0.0,50.38
66,1886.55,54.2,Baja,19,3128.14,1.658,En riesgo,553.8,684.4,20.2,1145.96,322.14,29.47,294.37,77.8
67,2693.01,42.6,Media,19,3027.46,1.124,En riesgo,752.29,259.58,0.0,1043.56,613.29,135.4,91.59,131.75
68,2456.0,42.8,Media,26,3601.01,1.466,En riesgo,1201.24,899.08,447.41,681.63,0.0,90.06,52.1,229.49
69,1968.88,40.2,Baja,26,4010.28,2.037,En riesgo,1405.06,238.73,69.68,1650.12,127.81,241.79,120.23,156.86
70,10217.77,4.9,Alta,10,1032.47,0.101,Saludable,199.97,167.52,32.14,0.0,0.0,0.0,210.23,422.61
71,2525.05,46.8,Media,9,1536.88,0.609,En observacion,593.77,195.44,58.44,267.32,220.36,201.55,0.0,0.0
72,5969.61,20.0,Alta,25,3412.85,0.572,Saludable,1140.77,952.78,0.0,584.03,0.0,217.48,68.59,449.2
73,4570.49,46.6,Media,13,1718.55,0.376,En observacion,487.5,772.62,0.0,0.0,154.79,127.45,80.75,95.44
74,2691.09,42.9,Baja,9,1162.8,0.432,En observacion,382.86,439.23,159.25,0.0,0.0,0.0,118.45,63.01
75,4519.0,15.9,Alta,21,2226.83,0.493,Saludable,961.56,523.21,295.35,0.0,0.0,304.45,32.65,109.61
76,6609.68,43.4,Alta,8,622.88,0.094,Saludable,210.02,182.07,0.0,0.0,0.0,100.04,50.0,80.75
77,2015.12,52.8,Baja,23,3180.71,1.578,En riesgo,402.32,781.99,339.85,718.68,0.0,103.13,237.2,597.54
78,3596.17,42.3,Baja,20,2028.11,0.564,En observacion,499.34,513.03,35.54,0.0,518.62,108.16,208.24,145.18
79,4076.6,14.7,Media,24,2817.37,0.691,Saludable,934.61,267.78,235.77,0.0,255.63,160.47,635.73,327.38
80,2689.96,34.6,Baja,23,3455.5,1.285,En riesgo,830.55,508.53,923.73,276.12,0.0,62.57,382.8,471.2
81,4119.69,80.1,Media,23,2658.32,0.645,En observacion,1140.66,497.0,0.0,0.0,310.37,55.19,215.13,439.97
82,3756.98,16.1,Media,22,3208.98,0.854,En observacion,874.56,345.91,102.1,942.68,295.78,433.02,27.55,187.38
83,7665.82,48.4,Alta,21,2819.12,0.368,Saludable,788.44,367.07,424.78,0.0,801.3,82.68,211.42,143.43
84,4614.74,25.8,Media,15,1766.21,0.383,En riesgo,732.42,420.42,0.0,163.1,219.28,76.48,154.51,0.0
85,3141.54,59.0,Baja,17,2638.98,0.84,En riesgo,892.14,200.17,156.49,749.06,306.77,214.27,120.08,0.0
86,1154.12,32.4,Media,14,1526.77,1.323,En riesgo,632.33,681.83,166.74,0.0,0.0,22.41,23.46,0.0
87,1948.82,41.9,Baja,10,1173.34,0.602,En riesgo,400.61,162.49,378.55,0.0,0.0,19.26,0.0,212.43
88,4567.96,27.9,Baja,20,2328.33,0.51,En observacion,727.66,420.94,0.0,431.82,0.0,165.57,339.25,243.09
89,3824.06,62.3,Alta,19,2699.01,0.706,En observacion,465.47,497.77,688.76,546.43,0.0,101.95,208.18,190.45
90,4467.42,16.0,Baja,15,2263.48,0.507,En observacion,851.78,321.86,201.47,546.63,0.0,172.54,76.27,92.93
91,3676.39,51.8,Media,11,1459.32,0.397,En observacion,462.68,0.0,0.0,595.13,0.0,204.33,197.18,0.0
92,3575.96,44.3,Media,13,1193.69,0.334,En observacion,504.75,108.84,0.0,0.0,0.0,269.55,310.55,0.0
93,3112.86,13.7,Media,24,3112.46,1.0,En observacion,640.86,988.1,75.6,633.66,0.0,149.32,249.44,375.48
94,6019.89,37.4,Alta,10,1069.58,0.178,Saludable,428.99,263.48,0.0,0.0,0.0,190.15,29.98,156.98
95,2939.13,36.1,Baja,16,2471.29,0.841,En riesgo,508.67,521.22,274.57,508.67,447.25,210.91,0.0,0.0
96,4309.92,8.3,Baja,15,2423.7,0.562,En observacion,216.59,452.54,242.83,1019.25,0.0,326.44,115.33,50.72
97,2714.83,49.2,Alta,18,2872.26,1.058,En observacion,637.98,508.91,0.0,862.26,143.85,224.44,203.64,291.18
98,4005.2,42.7,Alta,25,1933.08,0.483,Saludable,493.08,712.09,303.98,0.0,0.0,227.12,180.57,16.24
99,4136.77,49.5,Baja,16,2232.28,0.54,En observacion,549.42,200.91,482.65,458.53,0.0,176.18,307.89,56.7
100,3387.35,56.5,Baja,15,1141.59,0.337,En riesgo,149.78,430.47,228.33,0.0,0.0,52.98,280.03,0.0
101,4468.33,48.4,Baja,11,1472.7,0.33,En observacion,299.03,249.3,0.0,0.0,649.13,36.08,239.16,0.0
102,6402.05,13.0,Baja,20,2679.26,0.419,En observacion,965.07,251.82,306.78,0.0,368.74,286.76,287.62,212.47
103,6134.82,16.7,Media,12,1308.4,0.213,Saludable,214.7,152.47,304.34,305.61,0.0,116.26,95.23,119.79
104,6586.71,5.2,Media,16,1601.71,0.243,Saludable,238.82,85.65,77.91,600.04,0.0,386.3,83.24,129.75
105,4811.58,53.7,Media,10,966.14,0.201,En observacion,77.43,162.38,200.82,0.0,190.17,127.81,55.81,151.72
106,2009.19,23.0,Baja,26,3915.39,1.949,En riesgo,1001.18,810.52,141.55,816.88,381.52,156.03,277.73,329.98
107,4668.67,30.0,Media,9,1621.47,0.347,Saludable,138.0,162.36,169.37,919.43,0.0,122.23,0.0,110.08
108,2277.8,47.7,Media,26,3323.54,1.459,En riesgo,1115.2,529.78,0.0,711.08,0.0,416.93,537.3,13.25
109,2938.79,38.6,Baja,8,1258.62,0.428,En observacion,1000.09,160.69,0.0,0.0,0.0,0.0,97.84,0.0
110,4475.94,42.7,Media,11,1691.63,0.378,En observacion,346.22,139.89,241.44,391.66,212.73,229.49,0.0,130.2
111,1914.05,14.9,Baja,16,2311.14,1.207,En riesgo,724.87,554.09,336.12,211.46,265.18,64.55,154.87,0.0
112,2830.02,11.5,Media,26,2645.81,0.935,En observacion,472.78,447.19,294.8,726.0,0.0,280.43,230.43,194.18
113,3009.45,50.4,Media,20,2750.57,0.914,En riesgo,540.54,790.16,260.25,233.48,381.54,58.83,227.76,258.01
114,5313.41,42.9,Media,16,2138.89,0.403,En observacion,339.0,464.29,406.95,533.78,0.0,156.93,191.26,46.68
115,4232.57,12.1,Media,17,1454.92,0.344,Saludable,367.8,111.52,122.82,0.0,405.13,116.28,331.37,0.0
116,2105.94,56.8,Alta,23,2980.5,1.415,En riesgo,589.0,271.1,362.16,872.87,72.08,347.07,146.76,319.46
117,3902.36,74.7,Baja,12,1590.1,0.407,En riesgo,570.92,574.9,0.0,0.0,0.0,136.95,0.0,307.33
118,2503.6,40.4,Baja,11,1359.0,0.543,En observacion,506.31,390.13,179.82,0.0,0.0,143.88,138.86,0.0
119,3277.41,9.0,Baja,10,1282.48,0.391,En observacion,44.91,209.65,288.1,414.83,0.0,104.48,47.66,172.85
120,3868.81,18.5,Baja,11,1144.4,0.296,En observacion,313.54,94.99,241.05,0.0,0.0,313.42,130.26,51.14
121,1921.29,52.6,Alta,20,3010.84,1.567,En riesgo,525.41,12.42,404.51,1113.37,0.0,445.84,284.33,224.96
122,3877.02,47.3,Baja,20,2779.67,0.717,En riesgo,1052.75,129.44,229.97,653.68,0.0,349.2,149.09,215.54
123,1725.69,44.7,Media,26,3365.87,1.95,En riesgo,1040.03,676.07,810.78,0.0,372.12,86.38,160.47,220.02
124,1935.56,61.7,Media,20,3086.36,1.595,En riesgo,708.03,318.1,0.0,1498.11,0.0,247.92,260.36,53.84
125,2778.64,45.9,Baja,12,1558.03,0.561,En observacion,202.89,234.74,256.8,301.47,0.0,232.96,329.17,0.0
126,2418.06,43.7,Alta,14,1953.91,0.808,En observacion,355.75,317.99,489.77,422.25,0.0,36.22,331.93,0.0
127,5545.71,18.0,Media,18,3043.23,0.549,Saludable,1678.3,0.0,541.21,0.0,327.65,240.03,256.04,0.0
128,2483.76,43.5,Baja,12,2023.82,0.815,En riesgo,686.5,86.87,563.65,517.22,0.0,169.58,0.0,0.0
129,4448.25,18.1,Baja,13,1515.61,0.341,En observacion,658.99,443.59,0.0,0.0,0.0,0.0,264.41,148.62
130,3699.58,49.3,Media,25,2801.22,0.757,En observacion,1863.79,190.46,0.0,0.0,230.82,90.68,180.69,244.78
131,2476.24,36.7,Baja,9,965.12,0.39,En observacion,201.85,213.77,113.76,0.0,174.1,65.38,69.49,126.77
132,3755.55,31.9,Media,15,1815.86,0.484,En observacion,252.2,132.0,41.24,625.71,136.48,209.57,302.64,116.02
133,2323.85,21.7,Media,8,777.64,0.335,Saludable,348.78,0.0,0.0,0.0,0.0,61.28,162.57,205.01
134,4067.23,23.7,Baja,25,2495.14,0.613,En observacion,636.81,346.45,294.57,271.01,187.59,235.5,225.27,297.94
135,7201.22,37.5,Alta,12,2445.29,0.34,Saludable,546.49,280.76,249.55,769.1,354.25,0.0,98.27,146.87
136,4006.85,25.7,Alta,19,2893.39,0.722,Saludable,882.84,270.47,0.0,917.4,320.27,0.0,262.02,240.39
137,2989.17,64.8,Baja,9,1216.77,0.407,En riesgo,257.69,359.17,200.71,242.82,0.0,0.0,29.91,126.47
138,2990.08,57.1,Media,14,2048.74,0.685,En observacion,677.64,256.41,0.0,626.41,0.0,228.58,89.71,169.99
139,4303.01,42.2,Media,10,851.05,0.198,En observacion,51.08,353.29,293.22,0.0,0.0,114.26,39.2,0.0
140,4641.26,14.3,Baja,24,2757.12,0.594,En observacion,1312.72,282.85,716.11,0.0,0.0,194.88,200.75,49.81
141,4534.87,73.8,Baja,16,2628.78,0.58,En riesgo,409.35,292.44,54.85,1407.98,202.85,104.09,49.19,108.03
142,4032.55,21.1,Alta,15,2000.16,0.496,Saludable,276.01,288.01,240.59,343.91,355.96,283.02,212.66,0.0
143,5112.13,45.9,Alta,18,1947.51,0.381,Saludable,752.93,560.05,0.0,310.58,0.0,157.65,155.4,10.9
144,4626.32,29.0,Alta,20,2504.28,0.541,Saludable,1040.68,697.76,201.43,0.0,0.0,264.77,175.54,124.1
145,4297.8,38.0,Media,21,2290.36,0.533,En observacion,878.55,341.43,212.97,0.0,124.02,273.17,403.99,56.23
146,5529.24,53.4,Media,24,3262.43,0.59,En observacion,1409.98,211.07,179.36,676.35,0.0,153.75,318.88,313.04
147,4595.4,38.6,Baja,26,3219.85,0.701,En riesgo,1014.74,747.25,264.87,431.7,0.0,183.53,457.76,120.0
148,2118.35,21.7,Alta,24,2928.45,1.382,En observacion,1253.62,377.12,207.42,0.0,128.23,229.46,605.15,127.45
149,1571.82,25.2,Media,16,2523.46,1.605,En riesgo,1279.05,321.29,348.95,175.99,373.97,24.21,0.0,0.0
150,2636.02,49.5,Media,20,3004.62,1.14,En riesgo,1240.81,548.92,402.96,382.5,0.0,159.52,0.0,269.91
151,4670.79,56.6,Baja,10,1256.62,0.269,En riesgo,118.74,145.13,140.33,289.18,0.0,125.97,122.77,314.5
152,3125.63,30.6,Alta,23,2673.01,0.855,En observacion,325.8,498.66,102.34,689.46,508.41,171.23,353.12,23.99
153,3915.0,25.2,Alta,24,3440.48,0.879,Saludable,1006.82,214.91,632.98,644.73,238.9,469.31,93.21,139.62
154,8844.16,67.2,Baja,12,1366.31,0.154,En riesgo,922.32,203.99,0.0,0.0,0.0,40.71,84.54,114.75
155,5143.64,15.5,Alta,11,950.49,0.185,Saludable,226.24,184.13,0.0,0.0,0.0,190.15,255.45,94.52
156,6257.95,75.9,Media,15,2081.44,0.333,En observacion,476.14,129.38,567.22,253.77,186.24,224.81,47.15,196.73
157,2881.75,57.2,Baja,15,1607.62,0.558,En riesgo,779.57,57.5,419.03,0.0,43.84,68.73,74.15,164.8
158,4022.55,24.4,Media,23,3544.84,0.881,En observacion,925.28,833.94,362.34,1028.34,0.0,44.69,175.06,175.19
159,2316.87,33.3,Alta,25,2176.56,0.939,En observacion,394.09,481.39,37.5,0.0,117.5,497.92,331.33,316.83
160,8351.99,23.4,Alta,14,1832.14,0.219,Saludable,1068.6,344.13,69.32,177.8,0.0,44.81,0.0,127.48
161,6690.22,40.9,Baja,12,1765.08,0.264,En observacion,249.85,0.0,410.84,723.32,0.0,144.86,236.21,0.0
162,5119.8,49.8,Alta,25,2739.6,0.535,Saludable,990.98,1295.42,197.15,0.0,0.0,127.57,0.0,128.48
163,6056.83,28.2,Baja,22,3303.22,0.545,Saludable,1043.44,238.75,0.0,937.55,550.81,222.66,149.22,160.79
164,3088.46,46.6,Alta,13,1322.04,0.428,Saludable,528.75,203.73,0.0,0.0,181.63,158.5,170.11,79.32
165,3378.81,42.2,Media,20,2404.49,0.712,En observacion,925.9,107.43,62.94,664.13,158.09,307.61,124.98,53.41
166,3870.89,30.1,Baja,10,2563.16,0.662,En observacion,114.83,333.94,194.5,1608.01,0.0,0.0,211.56,100.32
167,3667.85,39.5,Media,11,1357.65,0.37,En observacion,778.81,289.27,0.0,0.0,0.0,76.63,115.54,97.4
168,3505.95,26.5,Alta,8,1139.58,0.325,Saludable,230.36,362.65,508.33,0.0,0.0,38.24,0.0,0.0
169,2272.13,59.3,Media,21,2014.76,0.887,En riesgo,663.81,532.59,292.79,0.0,0.0,208.21,317.36,0.0
170,2871.07,64.5,Media,19,2299.19,0.801,En riesgo,1046.86,209.29,78.93,287.62,0.0,109.05,88.47,478.97
171,6169.18,52.6,Media,23,2296.52,0.372,Saludable,689.9,427.75,263.15,396.27,0.0,254.67,139.23,125.55
172,6816.62,38.7,Alta,18,3239.07,0.475,Saludable,518.14,435.11,609.41,1479.59,0.0,0.0,196.82,0.0
173,4966.2,27.9,Media,25,3397.55,0.684,Saludable,1105.78,632.97,219.3,539.76,185.31,373.58,200.74,140.11
174,5219.51,30.9,Media,24,2685.47,0.515,En observacion,455.42,860.85,0.0,523.54,343.54,215.28,286.84,0.0
175,7153.64,39.6,Baja,16,2114.28,0.296,En observacion,699.86,226.74,112.17,608.63,0.0,243.58,162.99,60.31
176,3990.21,6.8,Media,13,1578.24,0.396,Saludable,531.68,284.95,222.7,258.95,0.0,47.12,232.84,0.0
177,3869.86,24.2,Alta,18,2092.38,0.541,Saludable,794.19,135.73,488.79,0.0,268.67,223.38,78.31,103.31
178,6420.79,12.3,Baja,25,4102.62,0.639,En observacion,754.62,848.19,903.56,864.38,243.52,238.68,98.59,151.08
179,3345.37,55.3,Baja,8,880.29,0.263,En riesgo,42.64,0.0,39.52,420.69,65.52,202.37,0.0,109.55
180,3938.1,14.6,Baja,9,1144.7,0.291,En observacion,432.68,0.0,181.19,0.0,0.0,81.7,301.44,147.69
181,2190.39,72.4,Media,21,2548.05,1.163,Saludable,1172.48,866.41,105.0,178.44,0.0,131.05,94.67,0.0
182,3757.21,20.5,Baja,26,3127.07,0.832,En observacion,744.71,912.97,266.73,180.72,243.15,275.71,129.84,373.24
183,2767.23,4.6,Baja,10,1476.11,0.533,En observacion,204.42,122.67,312.72,604.01,0.0,0.0,232.29,0.0
184,4457.02,56.7,Alta,11,1283.62,0.288,En observacion,0.0,526.27,65.49,212.17,0.0,192.15,112.48,175.06
185,2611.01,43.7,Media,12,1315.67,0.504,En observacion,265.46,273.48,285.9,0.0,130.13,11.82,196.94,151.94
186,3315.18,55.9,Alta,24,3964.83,1.196,En riesgo,531.48,454.6,591.33,1580.86,0.0,80.54,370.82,355.2
187,3530.21,33.5,Baja,26,2461.88,0.697,En observacion,1119.14,95.47,56.42,172.79,94.94,495.85,296.59,130.68
188,1891.18,25.6,Baja,12,1171.79,0.62,En observacion,72.28,486.62,0.0,0.0,150.76,85.23,204.26,172.64
189,1568.29,42.7,Baja,21,3211.89,2.048,En riesgo,913.86,734.45,242.0,515.44,391.83,271.86,84.75,57.7
190,7221.49,7.0,Alta,10,1387.06,0.192,Saludable,380.3,0.0,163.09,219.99,398.7,111.33,32.96,80.69
191,4075.71,70.0,Media,24,3363.3,0.825,En riesgo,830.55,761.16,0.0,897.18,303.35,241.3,95.16,234.6
192,1744.06,33.3,Baja,21,2896.17,1.661,En riesgo,1035.08,629.38,448.32,161.28,239.55,38.6,137.41,206.55
193,3152.52,35.2,Media,11,1062.13,0.337,En observacion,304.74,0.0,63.97,0.0,394.4,102.14,69.9,126.98
194,5582.28,45.7,Media,23,3101.21,0.556,En observacion,855.33,774.65,265.73,530.0,0.0,124.64,550.86,0.0
195,5430.4,27.0,Media,24,3979.93,0.733,En observacion,756.28,523.39,287.54,1660.36,74.02,249.01,429.33,0.0
196,1991.66,26.8,Baja,16,1923.69,0.966,En riesgo,683.84,292.36,209.52,0.0,0.0,270.16,348.04,119.77
197,3590.32,36.6,Media,12,2608.52,0.727,En observacion,866.48,60.46,156.71,1202.12,0.0,93.13,104.41,125.21
198,3356.01,73.0,Media,25,3606.87,1.075,En riesgo,1395.27,1103.29,75.54,564.78,0.0,260.33,110.77,96.89
199,3110.65,60.2,Baja,21,2441.21,0.785,En riesgo,753.67,464.43,497.1,0.0,118.74,364.07,166.41,76.79
200,2445.09,49.6,Baja,26,3154.73,1.29,En riesgo,947.22,305.6,665.58,571.94,0.0,331.5,200.07,132.82
201,2614.22,59.3,Media,26,3852.83,1.474,En riesgo,1169.21,430.08,291.56,801.03,549.18,435.14,126.72,49.91
202,4000.42,37.8,Alta,13,1515.38,0.379,Saludable,351.79,297.08,0.0,0.0,782.24,0.0,84.27,0.0
203,2227.47,49.2,Alta,17,2351.88,1.056,En observacion,823.05,516.11,160.86,0.0,541.95,0.0,309.91,0.0
204,4425.96,20.0,Media,12,946.97,0.214,Saludable,316.56,191.42,0.0,0.0,0.0,207.82,206.3,24.87
205,1656.73,45.8,Media,18,3235.98,1.953,En riesgo,561.19,604.04,267.93,1500.24,0.0,83.18,219.4,0.0
206,4101.23,28.0,Baja,11,1639.66,0.4,En observacion,224.24,452.73,0.0,624.6,137.46,98.85,101.78,0.0
207,3215.95,21.0,Media,21,2352.47,0.732,En observacion,1233.16,121.45,245.74,298.99,0.0,0.0,359.87,93.26
208,6755.44,76.6,Media,9,1224.02,0.181,En observacion,809.64,358.82,0.0,0.0,0.0,37.13,0.0,18.43
209,2016.72,23.7,Baja,18,2894.1,1.435,En riesgo,1029.05,463.99,0.0,320.92,549.18,221.69,218.81,90.46
210,7098.42,27.6,Baja,11,1443.99,0.203,En observacion,657.1,203.45,268.71,0.0,0.0,223.31,0.0,91.42
211,6103.72,50.0,Media,13,1222.07,0.2,En observacion,401.98,168.01,132.35,0.0,0.0,80.03,159.95,279.75
212,5192.66,73.6,Baja,22,3033.34,0.584,En riesgo,1024.92,234.87,0.0,798.78,263.25,111.82,257.16,342.54
213,5144.57,72.6,Media,12,1354.41,0.263,En observacion,364.44,339.93,221.93,0.0,0.0,173.1,86.88,168.13
214,3106.1,16.1,Baja,20,2494.26,0.803,En observacion,708.25,1062.45,71.3,317.22,0.0,155.64,81.12,98.28
215,3826.21,64.1,Media,20,2137.76,0.559,Saludable,1261.5,135.99,190.04,0.0,0.0,87.81,236.33,226.09
216,2455.3,24.8,Baja,23,3128.71,1.274,En riesgo,990.37,390.12,735.68,465.39,0.0,201.74,287.48,57.93
217,3344.15,44.3,Media,11,1436.06,0.429,En observacion,492.09,171.29,0.0,429.61,153.73,104.85,84.49,0.0
218,4376.96,34.9,Media,19,2074.52,0.474,En observacion,519.78,601.73,0.0,0.0,200.71,64.27,238.97,449.06
219,2430.64,32.0,Baja,8,1162.67,0.478,En observacion,149.97,187.05,308.45,432.71,0.0,9.3,75.19,0.0
220,3352.8,62.7,Baja,11,1322.56,0.394,En riesgo,552.64,22.76,306.49,0.0,0.0,0.0,176.89,263.78
221,6426.61,59.4,Baja,11,1033.57,0.161,En riesgo,339.27,174.15,0.0,0.0,0.0,135.77,55.49,328.89
222,2189.51,41.6,Media,20,2919.5,1.333,En riesgo,675.74,717.93,134.91,836.04,0.0,226.77,328.11,0.0
223,3446.37,14.7,Media,11,1387.24,0.403,Saludable,550.6,20.92,610.77,0.0,0.0,124.03,0.0,80.92
224,4013.47,53.2,Baja,13,1745.51,0.435,En riesgo,666.03,219.86,66.06,385.81,0.0,94.47,135.3,177.98
225,2467.94,56.4,Media,23,4125.03,1.671,En riesgo,593.43,500.41,55.7,2036.16,310.71,462.64,165.98,0.0
226,4203.99,16.4,Media,8,895.31,0.213,Saludable,605.77,27.39,88.76,0.0,0.0,115.67,57.72,0.0
227,3865.1,45.8,Alta,10,1147.36,0.297,Saludable,529.29,190.87,223.95,0.0,0.0,186.33,16.92,0.0
228,4145.52,16.1,Alta,24,3532.43,0.852,Saludable,1141.85,304.03,82.91,985.25,341.01,166.63,369.48,141.27
229,3183.83,31.3,Media,8,938.22,0.295,En observacion,259.12,244.79,0.0,0.0,59.67,0.0,200.3,174.34
230,3942.29,39.7,Media,23,3100.41,0.786,En observacion,1346.13,108.2,209.17,740.4,0.0,44.45,266.63,385.43
231,4043.58,12.9,Alta,9,870.39,0.215,Saludable,487.25,69.59,217.93,0.0,0.0,62.56,33.06,0.0
232,4638.95,24.1,Baja,26,3096.22,0.667,En observacion,1008.77,463.42,287.08,500.78,0.0,334.45,133.8,367.92
233,2683.81,56.9,Media,19,3282.31,1.223,En riesgo,285.3,640.36,203.76,1634.18,0.0,46.72,189.03,282.96
234,1780.72,25.3,Baja,15,2439.7,1.37,En riesgo,510.9,412.54,668.46,533.88,0.0,206.91,77.64,29.37
235,2950.55,36.8,Media,18,2051.51,0.695,En observacion,1010.14,88.88,0.0,376.81,0.0,171.93,0.0,403.75
236,2638.63,36.1,Media,20,2616.84,0.992,En riesgo,1004.35,455.4,462.78,0.0,0.0,348.63,267.13,78.55
237,2561.34,48.1,Media,8,1100.89,0.43,En observacion,145.32,174.2,412.64,0.0,200.88,0.0,0.0,167.85
238,3538.09,21.8,Media,9,1062.52,0.3,En riesgo,825.76,35.05,131.31,0.0,0.0,0.0,0.0,70.4
239,5434.63,67.3,Media,12,2070.67,0.381,En observacion,580.52,335.91,389.14,530.02,116.19,118.89,0.0,0.0
240,1491.91,10.3,Media,22,2173.1,1.457,En observacion,994.26,435.8,246.42,0.0,46.38,270.75,134.49,45.0
241,2571.64,20.4,Media,24,2622.41,1.02,En observacion,830.38,510.7,82.08,0.0,329.82,373.42,380.9,115.11
242,4303.02,49.8,Baja,24,2774.87,0.645,En observacion,958.01,661.38,0.0,276.16,0.0,350.39,337.04,191.89
243,3867.44,49.4,Baja,18,1968.04,0.509,En observacion,364.19,585.84,249.12,0.0,278.92,106.4,167.93,215.64
244,2504.29,41.6,Media,19,3400.02,1.358,En riesgo,1395.27,631.66,103.46,743.86,168.56,128.95,106.03,122.23
245,4222.09,45.7,Media,14,1584.66,0.375,En observacion,276.32,414.75,121.97,223.05,234.57,0.0,202.67,111.33
246,3310.67,25.6,Baja,24,4055.48,1.225,Saludable,697.21,730.7,62.46,1782.75,166.87,304.97,310.52,0.0
247,3959.16,10.5,Media,14,1775.81,0.449,Saludable,559.83,420.56,380.11,0.0,0.0,179.85,101.04,134.42
248,3624.01,76.3,Baja,13,1754.81,0.484,En riesgo,296.4,373.1,41.66,629.87,0.0,114.19,105.12,194.47
249,2905.98,40.5,Media,8,822.88,0.283,En observacion,212.32,172.63,141.17,0.0,0.0,186.73,0.0,110.03
250,3216.79,32.9,Media,21,2876.63,0.894,En observacion,973.65,624.02,243.23,484.63,0.0,167.08,274.36,109.66
251,3296.29,21.8,Baja,10,1095.4,0.332,En observacion,0.0,280.59,340.98,0.0,192.58,182.15,99.1,0.0
252,4549.14,62.2,Baja,13,1437.05,0.316,En riesgo,408.54,392.08,0.0,0.0,0.0,164.18,353.78,118.47
253,5340.22,65.0,Baja,20,2187.63,0.41,En riesgo,154.05,833.66,432.6,172.43,151.94,30.85,349.58,62.52
254,3104.55,36.3,Alta,17,2605.58,0.839,En observacion,600.13,230.66,429.38,739.37,0.0,399.6,42.12,164.32
255,2999.96,39.0,Media,10,1080.22,0.36,En observacion,28.78,0.0,290.64,0.0,419.09,203.1,0.0,138.61
256,2395.99,58.6,Media,25,2912.36,1.216,En observacion,541.57,271.73,505.89,526.74,0.0,198.91,622.68,244.84
257,4201.05,17.1,Media,24,3500.46,0.833,En observacion,1326.5,437.18,394.0,385.95,172.82,220.02,314.43,249.56
258,3496.33,3.5,Media,9,679.69,0.194,Saludable,294.58,0.0,185.02,0.0,0.0,141.47,58.62,0.0
259,2806.62,42.8,Alta,22,2665.92,0.95,En observacion,386.88,223.52,595.98,431.87,199.44,201.48,354.77,271.98
260,3417.55,24.1,Baja,16,1559.08,0.456,En observacion,426.4,297.28,47.39,0.0,44.51,213.52,205.44,324.54
261,3362.57,21.9,Baja,23,2971.68,0.884,En observacion,686.52,538.17,0.0,841.12,160.62,358.22,222.23,164.8
262,3260.35,49.1,Media,23,2817.63,0.864,En observacion,563.97,650.03,175.05,811.47,259.69,239.3,85.06,33.06
263,2121.29,53.7,Alta,17,2038.76,0.961,En riesgo,697.18,380.97,459.5,227.93,0.0,120.01,0.0,153.17
264,3289.0,13.7,Media,17,2129.9,0.648,En observacion,912.75,478.63,122.93,0.0,317.76,0.0,125.24,172.59
265,4635.58,29.5,Alta,24,3021.91,0.652,Saludable,1187.71,817.95,0.0,193.07,302.69,150.92,48.71,320.86
266,3645.54,56.9,Media,19,2581.56,0.708,En riesgo,1009.34,267.66,321.55,0.0,269.77,125.82,215.8,371.62
267,2870.82,44.6,Media,19,2445.55,0.852,Saludable,449.48,587.9,141.29,485.36,160.66,262.75,26.24,331.87
268,4083.5,15.7,Media,24,2916.5,0.714,En observacion,391.17,241.77,38.22,859.49,560.9,429.38,78.0,317.57
269,5368.6,36.1,Media,15,2177.29,0.406,En observacion,411.82,273.76,484.4,634.21,49.34,76.15,247.61,0.0
270,1753.77,35.0,Baja,13,1818.32,1.037,En riesgo,372.99,809.68,186.15,169.71,0.0,62.45,48.3,169.04
271,3662.14,26.3,Media,14,1951.36,0.533,Saludable,551.69,143.43,266.5,0.0,402.05,114.17,168.79,304.73
272,2238.07,10.5,Baja,26,3056.9,1.366,En riesgo,489.93,564.94,31.6,644.19,123.35,647.05,466.74,89.1
273,3115.62,42.0,Media,10,1306.72,0.419,En observacion,269.18,420.49,426.94,0.0,0.0,45.04,23.59,121.48
274,3477.11,25.3,Alta,20,2891.0,0.831,Saludable,1450.76,203.79,35.11,638.67,0.0,25.89,367.99,168.79
275,3835.03,45.0,Media,20,2682.22,0.699,En observacion,248.18,546.89,445.62,960.52,0.0,163.92,317.09,0.0
276,4260.12,34.5,Alta,20,2801.75,0.658,Saludable,710.24,349.5,75.36,682.8,340.61,129.82,180.27,333.15
277,3040.35,12.2,Baja,9,1276.34,0.42,En observacion,47.55,127.13,0.0,772.42,0.0,70.23,259.01,0.0
278,2559.15,65.2,Media,14,1948.07,0.761,En riesgo,857.06,245.41,191.87,512.76,0.0,92.13,25.6,23.24
279,2318.73,55.6,Baja,14,1374.17,0.593,En riesgo,424.36,355.35,135.31,0.0,0.0,148.97,182.95,127.23
280,3966.04,56.0,Media,17,2334.87,0.589,En observacion,408.07,121.64,0.0,822.0,494.14,325.02,30.76,133.24
281,11781.23,13.9,Alta,14,2038.48,0.173,Saludable,515.65,544.99,0.0,603.43,0.0,47.25,203.98,123.18
282,3012.99,24.0,Alta,12,1261.81,0.419,Saludable,147.55,438.91,65.82,298.09,0.0,0.0,140.79,170.65
283,1899.22,56.5,Baja,13,1030.78,0.543,En riesgo,93.75,274.08,0.0,0.0,0.0,158.63,196.76,307.56
284,4086.92,10.9,Media,18,2078.14,0.508,Saludable,485.71,495.72,227.44,0.0,312.14,107.45,449.68,0.0
285,3121.24,6.9,Alta,16,2210.31,0.708,Saludable,417.69,181.41,412.76,552.22,248.52,0.0,265.21,132.5
286,4932.15,26.7,Media,11,1513.7,0.307,Saludable,418.08,438.64,0.0,616.73,0.0,40.25,0.0,0.0
287,5617.71,63.7,Media,25,2939.71,0.523,En observacion,703.65,730.31,60.53,376.71,364.66,273.24,371.78,58.83
288,2754.73,67.5,Media,20,2962.04,1.075,En riesgo,836.88,459.39,244.45,292.79,880.95,111.32,136.26,0.0
289,4708.21,65.3,Baja,19,2975.53,0.632,En riesgo,804.98,341.53,583.39,823.33,0.0,422.3,0.0,0.0
290,2321.03,48.3,Baja,16,2017.57,0.869,En riesgo,628.55,353.18,182.29,519.19,0.0,258.77,75.59,0.0
291,3793.88,24.9,Alta,11,1753.57,0.462,Saludable,762.98,96.21,0.0,628.99,0.0,13.99,86.87,164.53
292,2017.1,20.5,Media,19,2638.54,1.308,En observacion,945.04,260.39,421.15,615.87,0.0,204.67,136.27,55.15
293,5353.8,57.6,Baja,13,1422.02,0.266,En riesgo,625.57,159.14,418.11,0.0,0.0,33.87,185.33,0.0
294,3075.93,49.6,Alta,15,1617.11,0.526,Saludable,760.57,113.33,129.87,196.76,0.0,128.48,159.43,128.67
295,5631.17,14.5,Media,11,1484.96,0.264,Saludable,537.25,219.91,283.43,433.16,0.0,0.0,0.0,11.21
296,2883.75,16.7,Media,26,4117.62,1.428,En observacion,913.22,814.08,310.06,986.95,477.76,188.64,132.85,294.06
297,2829.59,9.5,Media,26,3421.46,1.209,En observacion,727.14,726.0,301.76,1045.81,0.0,98.46,448.23,74.06
298,3440.24,47.9,Baja,21,2719.96,0.791,En riesgo,918.25,517.06,0.0,477.9,0.0,389.19,274.28,143.28
299,3160.63,6.0,Alta,9,1015.9,0.321,En observacion,378.66,223.56,0.0,215.51,0.0,37.16,35.9,125.11
300,3291.63,49.2,Media,25,2467.49,0.75,En observacion,1031.46,203.85,309.5,0.0,0.0,659.75,195.28,67.65
301,3809.9,35.7,Media,8,923.63,0.242,En observacion,494.85,91.61,0.0,0.0,0.0,239.26,0.0,97.91
302,3196.72,45.9,Alta,20,2076.43,0.65,Saludable,280.87,326.28,0.0,416.32,0.0,508.45,328.83,215.68
303,3868.26,43.6,Alta,13,1696.34,0.439,Saludable,353.99,645.27,162.72,0.0,179.1,83.65,135.18,136.43
304,2028.81,30.7,Baja,19,2562.25,1.263,En riesgo,1215.15,265.06,493.46,0.0,203.52,218.36,0.0,166.7
305,9886.9,21.9,Alta,15,1659.03,0.168,Saludable,398.08,728.42,173.79,0.0,0.0,69.8,88.14,200.8
306,1000.0,15.7,Baja,23,3586.51,3.587,En riesgo,1119.54,314.74,259.91,623.04,643.89,180.29,433.52,11.58
307,2672.09,80.2,Media,22,2118.62,0.793,En riesgo,399.48,61.26,629.84,0.0,191.68,710.22,61.63,64.51
308,4051.7,24.0,Baja,21,2739.79,0.676,En observacion,395.78,550.91,142.87,781.9,209.79,135.74,96.81,425.99
309,1468.8,33.7,Media,24,3466.83,2.36,En riesgo,403.82,725.1,293.65,1433.81,0.0,137.11,372.89,100.45
310,2399.68,59.9,Alta,18,2422.37,1.009,En riesgo,731.16,515.83,212.03,622.02,0.0,172.13,169.2,0.0
311,3633.96,19.8,Alta,11,1966.44,0.541,Saludable,478.57,330.11,0.0,984.3,0.0,80.28,93.18,0.0
312,2808.07,31.1,Media,19,1778.15,0.633,En observacion,254.59,562.13,22.04,0.0,245.8,122.61,362.9,208.08
313,1797.62,56.3,Media,12,1325.4,0.737,En riesgo,158.83,573.34,0.0,0.0,161.35,0.0,188.39,243.49
314,5055.45,78.3,Baja,20,2065.91,0.409,En riesgo,565.79,624.49,218.52,200.31,137.65,91.74,108.16,119.25
315,4162.86,16.8,Media,10,1877.25,0.451,Saludable,386.49,247.84,139.59,927.46,0.0,74.68,0.0,101.19
316,2529.41,5.2,Baja,25,3458.45,1.367,En riesgo,572.39,205.21,276.65,707.01,593.93,59.93,567.59,475.74
317,4457.28,34.7,Media,8,1434.86,0.322,En observacion,151.15,205.73,281.25,434.74,347.92,14.07,0.0,0.0
318,3780.05,53.6,Media,26,3098.08,0.82,En riesgo,681.38,450.69,187.91,262.29,560.67,250.42,223.49,481.23
319,4434.43,63.6,Baja,16,2284.86,0.515,En riesgo,462.07,241.89,329.38,713.11,0.0,244.7,142.67,151.04
320,1831.94,59.5,Media,11,1123.85,0.613,En observacion,725.89,170.93,30.72,0.0,0.0,60.61,135.7,0.0
321,4148.15,50.3,Media,23,2579.97,0.622,En observacion,525.17,713.83,199.32,410.93,0.0,295.16,423.56,12.0
322,5773.65,33.8,Media,23,3620.0,0.627,En observacion,1001.17,480.31,775.3,600.59,193.15,360.45,0.0,209.03
323,5752.14,28.0,Baja,26,2645.15,0.46,En observacion,1119.73,439.18,198.05,232.36,0.0,581.17,58.14,16.52
324,5139.88,16.2,Media,26,3282.97,0.639,Saludable,1012.61,1063.42,479.63,0.0,0.0,162.42,287.53,277.36
325,5124.36,38.2,Baja,25,3209.73,0.626,En observacion,1457.26,367.53,705.31,0.0,61.05,196.89,216.13,205.56
326,6214.64,42.7,Baja,17,1454.38,0.234,En observacion,233.37,731.55,0.0,0.0,0.0,301.4,156.27,31.79
327,4380.44,7.3,Media,8,989.52,0.226,Saludable,379.97,151.75,95.52,201.47,0.0,0.0,0.0,160.81
328,2667.14,59.0,Baja,14,1416.99,0.531,En riesgo,327.27,584.18,0.0,0.0,0.0,75.0,142.54,288.0
329,2994.11,17.8,Baja,25,2592.53,0.866,En observacion,582.46,487.43,222.15,178.26,179.44,134.3,629.75,178.74
330,4356.37,74.1,Alta,11,1324.14,0.304,En observacion,312.23,0.0,0.0,340.44,199.26,157.86,314.35,0.0
331,5391.36,82.7,Baja,12,834.57,0.155,En riesgo,375.14,93.41,105.17,0.0,0.0,88.57,22.47,149.81
332,3429.66,44.0,Media,17,2295.07,0.669,En observacion,595.55,565.54,0.0,833.83,0.0,194.29,105.86,0.0
333,3516.31,58.1,Baja,25,2579.48,0.734,En riesgo,656.21,897.67,374.0,0.0,0.0,255.06,279.33,117.21
334,5355.29,19.7,Media,14,1409.32,0.263,Saludable,321.01,138.2,49.74,318.6,0.0,236.3,229.23,116.24
335,4049.6,45.7,Media,11,935.2,0.231,En observacion,0.0,72.99,93.35,0.0,276.01,134.52,358.33,0.0
336,3850.13,39.7,Media,11,1256.1,0.326,Saludable,52.03,383.76,230.88,0.0,100.13,100.91,221.7,166.69
337,3205.28,13.5,Alta,20,2183.22,0.681,Saludable,759.32,413.08,0.0,434.24,0.0,124.02,359.18,93.38
338,6546.68,19.6,Alta,13,1977.5,0.302,Saludable,1163.86,146.75,156.89,0.0,340.68,169.32,0.0,0.0
339,6353.85,56.6,Alta,9,1364.01,0.215,En observacion,100.4,324.59,0.0,636.52,62.11,93.13,147.26,0.0
340,4850.47,20.5,Alta,16,2022.0,0.417,Saludable,669.65,89.53,417.13,278.56,0.0,198.57,79.89,288.67
341,3621.58,12.4,Media,19,2621.26,0.724,En observacion,187.6,704.71,248.38,306.89,609.1,279.47,113.51,171.6
342,1962.6,14.7,Media,19,3224.27,1.643,En observacion,821.52,650.85,0.0,1032.27,511.52,78.42,129.69,0.0
343,2132.76,68.9,Baja,19,2189.52,1.027,En riesgo,747.43,264.3,143.0,181.77,0.0,291.67,195.47,365.88
344,4431.88,28.1,Baja,26,3097.38,0.699,En observacion,978.51,691.63,486.25,268.0,0.0,291.09,71.79,310.11
345,1882.6,35.2,Baja,13,1329.0,0.706,En riesgo,731.32,430.33,0.0,0.0,0.0,99.03,68.32,0.0
346,6667.58,25.4,Alta,26,3570.21,0.535,Saludable,1309.63,314.21,432.08,988.91,0.0,171.81,279.44,74.13
347,3001.32,14.9,Baja,12,1326.71,0.442,En observacion,217.43,349.58,192.48,0.0,0.0,356.54,130.68,80.0
348,3082.56,29.3,Baja,26,3909.0,1.268,En riesgo,894.7,582.65,410.04,1294.91,227.4,133.31,53.42,312.57
349,4431.82,46.8,Baja,11,1967.68,0.444,En observacion,882.45,178.29,0.0,728.44,0.0,37.38,0.0,141.12
350,2961.21,78.1,Baja,9,866.81,0.293,En riesgo,191.02,0.0,52.32,0.0,0.0,348.56,197.63,77.28
351,5873.35,52.1,Baja,10,1606.23,0.273,En riesgo,293.33,0.0,272.38,382.29,0.0,444.26,77.43,136.54
352,1101.3,15.2,Baja,26,2921.64,2.653,En riesgo,1847.68,380.34,152.75,0.0,0.0,268.78,256.51,15.58
353,6096.96,49.1,Alta,19,2195.65,0.36,Saludable,713.52,392.63,63.64,361.72,0.0,320.31,27.18,316.65
354,4782.4,35.6,Media,8,785.73,0.164,En observacion,424.84,163.8,0.0,0.0,0.0,61.81,135.28,0.0
355,3418.75,54.6,Media,11,872.8,0.255,En observacion,328.0,156.27,231.8,0.0,0.0,156.73,0.0,0.0
356,2745.03,39.4,Media,22,2485.3,0.905,Saludable,869.82,810.66,211.4,0.0,190.58,110.98,105.92,185.94
357,3110.55,7.0,Alta,11,1340.4,0.431,Saludable,586.87,54.03,281.42,0.0,220.07,129.45,68.56,0.0
358,2205.25,37.9,Media,10,1619.11,0.734,En observacion,510.97,308.34,0.0,510.29,111.84,136.71,15.41,25.55
359,4018.74,49.4,Alta,26,3508.47,0.873,En observacion,597.16,805.49,307.21,475.84,488.06,298.56,202.12,334.03
360,1498.3,6.9,Baja,20,3109.39,2.075,En riesgo,230.72,591.85,584.78,849.19,0.0,281.7,314.84,256.31
361,1398.22,31.0,Baja,17,2263.04,1.619,En riesgo,844.92,342.91,251.04,0.0,206.98,496.99,0.0,120.2
362,2736.98,19.9,Baja,15,2025.51,0.74,En observacion,99.57,497.32,729.89,284.99,0.0,163.99,249.75,0.0
363,2517.76,34.7,Media,25,3803.61,1.511,En riesgo,503.96,600.52,179.41,1082.89,576.51,321.41,407.5,131.41
364,3656.47,13.0,Alta,26,3359.03,0.919,En observacion,1082.01,447.96,556.88,604.86,128.29,31.72,223.15,284.16
365,3273.98,55.7,Baja,23,2467.55,0.754,En riesgo,1034.59,377.9,0.0,217.97,239.61,269.39,133.86,194.23
366,4248.78,39.2,Baja,12,2113.24,0.497,En observacion,397.84,349.65,286.27,881.44,0.0,0.0,85.06,112.98
367,5010.82,17.4,Media,17,2225.31,0.444,Saludable,380.51,241.83,0.0,526.83,0.0,165.78,526.89,383.47
368,5412.05,50.7,Baja,19,1306.05,0.241,En riesgo,339.48,45.22,40.6,0.0,0.0,381.41,282.47,216.87
369,3034.86,51.0,Baja,26,4122.54,1.358,En riesgo,1000.91,444.41,586.74,1255.7,449.19,185.63,37.19,162.77
370,5583.2,18.4,Baja,20,2968.02,0.532,En observacion,330.24,811.27,656.64,881.46,0.0,185.33,103.08,0.0
371,1000.0,34.6,Baja,26,2700.44,2.7,En riesgo,1143.68,579.79,243.37,0.0,0.0,453.67,137.08,142.85
372,5691.18,35.4,Media,12,1421.96,0.25,En observacion,553.5,15.8,0.0,461.01,0.0,0.0,162.93,228.72
373,3825.29,36.0,Media,23,3452.88,0.903,En riesgo,1169.83,63.73,578.42,945.22,346.84,119.64,93.05,136.15
374,3250.51,26.4,Baja,12,2185.98,0.673,En observacion,760.57,243.4,381.88,621.68,0.0,77.32,101.13,0.0
375,4270.58,38.9,Alta,19,2717.65,0.636,Saludable,312.1,432.41,435.5,686.36,553.3,159.26,31.67,107.05
376,4448.7,26.3,Media,23,4132.37,0.929,En observacion,756.94,192.76,355.4,1756.32,334.04,234.11,502.8,0.0
377,4012.55,30.5,Media,12,1826.06,0.455,En observacion,665.57,0.0,48.19,601.86,321.28,97.03,92.13,0.0
378,5828.97,15.2,Media,17,2233.76,0.383,Saludable,537.99,127.54,0.0,407.46,378.48,256.73,525.56,0.0
379,8299.4,72.9,Alta,13,1236.47,0.149,En observacion,672.21,365.61,0.0,187.12,0.0,11.53,0.0,0.0
380,3577.54,81.4,Baja,25,3358.83,0.939,En riesgo,1041.87,833.1,280.98,626.56,0.0,203.01,64.09,309.22
381,4194.41,72.1,Baja,11,1598.59,0.381,En riesgo,249.85,50.23,87.22,547.42,315.58,280.27,68.02,0.0
382,3017.67,40.3,Alta,13,1580.07,0.524,Saludable,580.4,0.0,410.41,0.0,289.05,127.49,172.72,0.0
383,2710.55,45.8,Media,14,1554.68,0.574,En observacion,159.87,172.25,39.58,339.1,108.49,41.41,462.5,231.48
384,3704.16,74.6,Media,19,3427.88,0.925,En riesgo,1224.71,548.81,217.29,630.76,200.44,239.1,131.39,235.38
385,3049.2,8.2,Media,9,1055.05,0.346,Saludable,151.49,516.3,0.0,0.0,216.8,56.38,114.08,0.0
386,3355.47,81.1,Alta,21,3328.75,0.992,En riesgo,431.7,234.37,713.98,1322.06,0.0,220.57,362.09,43.98
387,3618.83,32.5,Baja,16,3001.32,0.829,En riesgo,739.29,954.56,295.2,774.75,25.02,106.22,106.28,0.0
388,4690.37,44.7,Baja,26,4507.65,0.961,En riesgo,939.41,544.17,1073.65,869.67,703.86,77.88,45.73,253.28
389,9710.35,24.7,Baja,21,2994.23,0.308,En observacion,913.76,177.08,279.59,1001.29,179.94,92.12,190.38,160.07
390,3033.04,20.3,Alta,23,2507.47,0.827,Saludable,880.26,399.23,543.02,0.0,167.75,151.61,231.11,134.49
391,3749.13,16.7,Media,21,3608.57,0.963,En observacion,730.85,42.95,439.02,631.79,1231.31,241.37,166.77,124.51
392,2524.53,21.6,Baja,8,898.14,0.356,En observacion,312.41,161.01,74.29,0.0,0.0,162.79,72.88,114.76
393,2190.55,32.5,Media,10,1093.74,0.499,En observacion,194.78,466.57,0.0,0.0,0.0,156.77,275.62,0.0
394,4577.82,30.8,Baja,13,1864.73,0.407,En observacion,1149.39,93.85,244.59,0.0,85.99,149.39,41.19,100.33
395,3175.25,25.5,Baja,20,3345.02,1.053,En riesgo,1118.03,507.4,0.0,1074.93,315.81,130.16,198.69,0.0
396,2674.95,55.8,Baja,21,1779.48,0.665,En riesgo,255.66,719.07,100.76,0.0,0.0,347.53,172.06,184.4
397,3297.26,48.9,Alta,15,1865.97,0.566,Saludable,293.7,232.83,251.17,500.57,89.19,211.64,0.0,286.87
398,3291.77,36.5,Media,24,3480.15,1.057,En riesgo,653.95,680.75,246.76,877.47,193.2,244.76,241.03,342.23
399,3594.58,27.4,Alta,17,1637.67,0.456,Saludable,676.69,423.04,315.63,0.0,0.0,10.42,40.15,171.74
400,2961.8,56.4,Media,23,3360.7,1.135,En riesgo,1025.42,871.48,286.16,892.0,0.0,119.9,88.51,77.23
401,3514.46,45.0,Alta,25,2606.65,0.742,En observacion,988.83,398.93,331.08,0.0,0.0,228.13,480.03,179.65
402,5559.53,22.1,Alta,10,1452.77,0.261,Saludable,137.37,418.35,0.0,595.5,0.0,146.61,87.09,67.85
403,3709.35,39.6,Media,23,2772.46,0.747,En observacion,537.93,298.84,122.02,998.48,177.46,172.66,191.54,273.53
404,2851.65,28.8,Baja,13,1732.13,0.607,En observacion,772.85,632.69,0.0,0.0,0.0,127.84,69.8,128.95
405,4754.74,41.4,Media,13,1246.83,0.262,En observacion,275.01,431.07,276.16,0.0,0.0,140.31,65.63,58.65
406,3620.16,38.9,Media,8,670.55,0.185,En observacion,298.13,0.0,0.0,0.0,100.23,175.31,48.65,48.23
407,3113.09,34.3,Baja,20,2149.23,0.69,En observacion,929.59,472.32,274.73,161.99,0.0,108.26,165.15,37.19
408,4432.85,57.0,Baja,14,2067.92,0.466,En riesgo,519.41,353.7,0.0,521.75,0.0,156.26,72.63,444.17
409,4816.1,32.3,Media,23,2715.03,0.564,En observacion,455.43,641.71,693.49,381.16,167.64,285.86,0.0,89.74
410,3000.08,16.4,Media,17,1687.72,0.563,Saludable,231.49,818.58,391.23,0.0,0.0,56.48,158.2,31.74
411,2719.35,41.3,Baja,25,2957.53,1.088,En riesgo,33.19,949.56,792.06,0.0,0.0,566.55,265.08,351.09
412,2136.11,58.5,Media,11,1566.1,0.733,En riesgo,355.63,232.24,238.69,407.02,100.0,92.54,139.98,0.0
413,4706.42,51.8,Media,8,1346.16,0.286,En observacion,334.33,341.11,0.0,498.4,0.0,142.05,30.27,0.0
414,6353.55,26.0,Alta,20,2820.33,0.444,Saludable,1537.07,572.96,71.55,209.43,0.0,244.5,36.95,147.87
415,2822.23,45.8,Media,13,2200.82,0.78,En observacion,405.5,262.14,0.0,1109.43,0.0,121.66,302.09,0.0
416,5464.83,32.5,Baja,9,656.16,0.12,En observacion,244.24,191.89,31.58,0.0,0.0,188.45,0.0,0.0
417,6426.29,10.2,Alta,14,2174.07,0.338,Saludable,581.0,480.25,0.0,806.48,0.0,199.56,106.78,0.0
418,1687.31,36.6,Alta,14,1423.87,0.844,En observacion,280.67,59.78,316.46,345.74,70.94,208.59,141.69,0.0
419,1858.72,13.6,Baja,18,2382.77,1.282,En riesgo,390.85,196.04,95.71,854.05,0.0,378.52,308.93,158.67
420,6542.56,28.1,Media,16,2550.91,0.39,Saludable,930.28,310.88,161.04,795.06,170.17,89.09,94.39,0.0
421,7212.61,51.4,Alta,18,2371.48,0.329,En observacion,502.78,712.27,499.23,166.71,47.66,146.09,125.14,171.6
422,4271.06,9.0,Baja,19,2781.01,0.651,En observacion,1510.07,478.89,502.2,0.0,0.0,109.38,180.47,0.0
423,3180.68,39.8,Baja,22,3036.67,0.955,En riesgo,825.63,836.06,466.73,316.93,82.06,285.05,0.0,224.21
424,3307.27,52.4,Baja,22,3356.27,1.015,En riesgo,934.39,463.16,272.57,870.7,111.24,135.26,335.47,233.48
425,2066.87,61.8,Baja,8,1248.64,0.604,En riesgo,162.99,315.1,0.0,508.09,0.0,243.13,19.33,0.0
426,2803.23,62.5,Baja,25,3272.47,1.167,En riesgo,1195.57,482.95,727.78,616.6,0.0,220.73,28.84,0.0
427,2645.42,34.1,Media,9,1149.79,0.435,En observacion,320.83,208.7,332.4,0.0,0.0,90.23,81.56,116.07
428,4592.72,26.8,Media,10,1841.85,0.401,Saludable,499.67,269.87,237.25,594.35,0.0,155.61,85.1,0.0
429,3479.26,56.7,Alta,23,3530.79,1.015,En riesgo,1103.14,523.36,398.32,940.77,279.74,0.0,0.0,285.46
430,3051.71,24.3,Alta,12,1718.17,0.563,Saludable,423.14,477.3,100.85,218.12,373.48,7.32,117.96,0.0
431,3829.89,19.3,Baja,23,3138.06,0.819,En observacion,1259.76,105.88,399.43,699.02,0.0,431.02,228.11,14.84
432,2273.4,63.9,Baja,10,1712.01,0.753,En riesgo,233.38,469.49,75.99,549.79,336.78,46.58,0.0,0.0
433,4342.22,19.5,Media,16,2703.0,0.622,Saludable,927.08,0.0,208.83,561.54,561.29,88.64,56.87,298.75
434,3432.54,68.8,Media,13,1091.69,0.318,En observacion,548.02,133.82,0.0,0.0,0.0,35.95,262.78,111.12
435,3384.77,20.2,Alta,21,2751.37,0.813,Saludable,1025.06,623.89,254.57,0.0,382.54,11.69,453.62,0.0
436,2829.85,23.0,Media,12,1304.65,0.461,Saludable,118.43,633.94,0.0,194.5,72.45,0.0,48.76,236.57
437,1934.22,39.7,Alta,20,2493.99,1.289,En observacion,568.03,147.19,546.82,0.0,331.95,185.14,343.92,370.94
438,6905.26,56.5,Alta,16,2790.29,0.404,En observacion,965.84,340.52,0.0,843.8,0.0,277.27,0.0,362.86
439,5262.32,55.7,Media,9,1200.69,0.228,En observacion,137.14,0.0,0.0,643.74,0.0,153.79,266.02,0.0
440,3013.18,37.6,Alta,23,2486.07,0.825,En observacion,901.11,609.46,205.57,0.0,0.0,358.56,146.63,264.74
441,4176.64,20.9,Media,10,1682.33,0.403,Saludable,0.0,651.96,258.1,347.13,0.0,99.95,0.0,325.19
442,3396.33,56.3,Media,25,3205.65,0.944,En riesgo,682.21,1031.79,491.19,275.76,221.51,142.37,130.16,230.66
443,3582.28,6.8,Baja,20,1926.91,0.538,En observacion,568.66,490.69,163.66,0.0,358.49,143.62,114.78,87.01
444,8103.43,15.1,Alta,22,3194.95,0.394,Saludable,361.38,527.34,229.9,1326.87,0.0,193.2,464.82,91.44
445,8744.38,38.2,Alta,23,3402.6,0.389,En observacion,1040.57,571.49,288.1,777.56,246.36,183.26,128.81,166.45
446,5500.27,32.0,Alta,13,2514.37,0.457,Saludable,358.63,0.0,297.38,1398.86,0.0,164.2,136.75,158.55
447,3281.63,28.9,Alta,15,2222.39,0.677,Saludable,732.73,483.16,188.73,500.09,0.0,118.91,120.13,78.64
448,6978.38,56.5,Alta,19,3205.63,0.459,En observacion,699.94,164.28,550.98,736.74,608.4,184.16,144.91,116.22
449,1919.36,61.6,Media,9,1364.08,0.711,En riesgo,484.3,105.04,320.89,0.0,0.0,129.07,0.0,324.78
450,3997.99,53.6,Media,25,2620.77,0.656,En observacion,1267.08,592.65,0.0,0.0,236.81,129.17,184.25,210.81
451,4832.09,11.0,Alta,15,1897.13,0.393,En observacion,259.3,155.08,362.42,371.54,0.0,433.61,103.75,211.43
452,3925.42,8.5,Media,20,1993.58,0.508,Saludable,634.78,204.97,355.76,0.0,0.0,251.53,240.79,305.75
453,4410.31,34.1,Baja,17,2170.02,0.492,En observacion,1213.96,291.15,70.62,0.0,353.93,108.34,45.34,86.68
454,2469.07,34.2,Media,22,2310.77,0.936,En riesgo,1085.67,688.07,0.0,0.0,0.0,210.31,153.68,173.04
455,2726.04,32.5,Baja,14,1343.38,0.493,En observacion,324.76,74.06,131.89,0.0,332.25,199.6,144.32,136.5
456,3285.71,21.3,Alta,26,3048.9,0.928,En observacion,464.19,1141.79,500.1,0.0,215.01,259.84,205.01,262.96
457,6331.41,12.3,Alta,10,1228.93,0.194,Saludable,540.97,195.18,182.41,0.0,0.0,41.45,99.49,169.43
458,2788.11,58.7,Media,26,3012.8,1.081,En riesgo,774.29,806.15,95.05,599.74,0.0,382.15,179.31,176.11
459,4292.15,35.7,Alta,10,702.45,0.164,Saludable,226.96,189.3,0.0,0.0,0.0,105.64,180.55,0.0
460,6254.75,63.3,Media,26,3200.76,0.512,En observacion,1165.54,182.72,237.5,360.15,352.36,407.8,180.8,313.89
461,7338.7,15.8,Baja,21,2912.8,0.397,En observacion,1430.64,338.39,0.0,614.56,0.0,52.53,256.19,220.49
462,4027.41,4.1,Baja,12,1599.63,0.397,En observacion,720.68,711.48,0.0,0.0,0.0,62.24,105.23,0.0
463,3234.01,51.6,Media,22,3409.21,1.054,En riesgo,512.06,376.41,363.54,777.92,885.04,301.01,0.0,193.23
464,5159.64,37.3,Alta,26,4196.3,0.813,En observacion,1627.13,295.64,398.11,842.39,407.62,286.5,157.81,181.1
465,1495.0,25.0,Media,12,1256.83,0.841,En observacion,0.0,120.35,0.0,514.7,0.0,269.7,276.39,75.69
466,4711.32,26.1,Alta,21,2214.63,0.47,Saludable,1327.61,292.59,300.38,0.0,0.0,153.15,0.0,140.9
467,5056.31,11.4,Media,22,3389.62,0.67,Saludable,684.87,938.7,899.33,547.28,0.0,302.64,0.0,16.8
468,7654.06,7.9,Media,25,3331.65,0.435,Saludable,1002.94,586.23,0.0,231.11,575.5,176.04,429.72,330.11
469,4973.76,12.7,Alta,20,2242.47,0.451,Saludable,516.24,101.28,622.72,304.92,0.0,223.11,320.56,153.64
470,4424.39,41.8,Media,25,4034.79,0.912,En riesgo,1382.57,396.73,169.69,1109.55,549.04,320.91,80.89,25.41
471,3878.84,47.8,Alta,18,2038.87,0.526,Saludable,821.81,38.31,870.06,0.0,0.0,177.92,0.0,130.77
472,7220.81,29.0,Alta,14,1810.37,0.251,Saludable,654.4,397.29,264.16,362.93,0.0,101.66,29.93,0.0
473,1876.46,5.8,Media,26,2922.74,1.558,En observacion,1070.32,278.03,303.42,224.95,127.99,358.5,331.18,228.35
474,5905.61,54.3,Baja,8,876.87,0.148,En riesgo,287.28,73.59,0.0,0.0,99.9,162.76,253.34,0.0
475,2622.46,53.5,Baja,16,1767.44,0.674,En riesgo,853.7,52.81,0.0,183.96,521.36,70.5,50.92,34.19
476,4436.48,48.4,Media,13,1175.41,0.265,En observacion,507.89,0.0,0.0,0.0,0.0,19.33,458.42,189.77
477,3424.45,5.5,Media,16,2313.53,0.676,Saludable,335.08,260.12,655.94,680.83,0.0,119.5,0.0,262.06
478,4507.41,38.2,Baja,26,3583.65,0.795,En riesgo,647.72,730.69,148.09,637.47,353.44,202.29,537.46,326.49
479,3079.02,57.7,Baja,20,2074.08,0.674,En riesgo,583.93,781.08,391.85,0.0,0.0,78.78,216.07,22.37
480,3368.43,24.9,Alta,25,3704.26,1.1,En observacion,1083.33,324.18,604.46,387.65,629.51,441.78,0.0,233.35
481,4065.73,58.6,Alta,21,2136.29,0.525,En observacion,139.09,338.15,260.79,0.0,711.18,473.83,180.57,32.68
482,6612.19,41.2,Alta,16,1664.91,0.252,Saludable,780.85,300.22,98.7,0.0,0.0,122.54,179.11,183.49
483,5798.14,31.1,Alta,26,3678.07,0.634,Saludable,568.68,271.69,452.51,1204.87,386.23,418.03,338.79,37.27
484,5568.42,10.7,Alta,11,1618.06,0.291,Saludable,127.16,450.25,0.0,630.79,0.0,285.5,124.36,0.0
485,3904.15,31.6,Alta,18,2286.28,0.586,Saludable,735.9,452.77,607.03,293.33,0.0,98.28,15.53,83.44
486,4291.78,11.8,Baja,18,2336.27,0.544,En observacion,431.17,714.38,263.75,318.08,0.0,321.17,125.65,162.07
487,4583.53,56.5,Media,12,1626.12,0.355,En observacion,472.36,89.27,291.4,542.89,0.0,58.1,121.47,50.63
488,3881.95,17.3,Media,20,2483.65,0.64,Saludable,940.65,381.67,447.96,0.0,0.0,222.44,341.34,149.59
489,6933.48,75.7,Alta,14,2413.46,0.348,En observacion,363.75,341.49,559.23,299.4,158.25,91.01,349.8,250.53
490,3088.43,17.1,Baja,12,1250.62,0.405,En observacion,451.09,426.44,186.97,0.0,0.0,46.11,120.01,20.0
491,1974.54,37.2,Alta,13,2059.31,1.043,En observacion,245.13,385.07,244.75,1027.64,0.0,129.59,27.13,0.0
492,2636.99,67.4,Baja,17,1769.12,0.671,En riesgo,1112.8,82.73,216.95,0.0,0.0,195.89,160.75,0.0
493,3406.0,40.8,Media,9,946.11,0.278,Saludable,287.2,172.81,47.57,272.03,0.0,43.43,74.13,48.94
494,5752.71,43.1,Alta,14,1515.34,0.263,Saludable,452.07,366.4,0.0,404.62,0.0,0.0,108.73,183.52
495,2130.25,35.5,Baja,13,1675.57,0.787,En riesgo,412.73,589.94,259.52,0.0,0.0,213.22,200.16,0.0
496,5650.65,29.7,Media,8,1528.85,0.271,Saludable,100.53,297.98,121.44,978.4,0.0,0.0,30.5,0.0
497,3517.53,32.3,Media,15,1693.78,0.482,En observacion,226.38,612.7,361.91,0.0,0.0,208.89,117.14,166.76
498,3689.0,32.5,Baja,26,4190.56,1.136,En riesgo,1227.81,399.2,806.15,986.29,0.0,566.11,205.0,0.0
499,2569.13,37.7,Baja,11,1581.85,0.616,En observacion,66.34,467.8,350.77,0.0,475.63,221.31,0.0,0.0
500,3237.85,62.2,Baja,21,2878.35,0.889,En riesgo,1368.4,262.07,151.2,358.73,381.62,86.91,269.42,0.0
501,5935.59,35.5,Alta,10,1367.72,0.23,Saludable,230.58,0.0,99.37,815.72,0.0,25.33,132.57,64.15
502,2254.8,39.4,Baja,14,2464.25,1.093,En riesgo,1075.61,0.0,212.89,510.93,440.99,34.95,32.76,156.12
503,3395.64,31.2,Alta,17,2212.56,0.652,Saludable,1001.89,356.96,0.0,0.0,569.73,85.71,95.09,103.18
504,3547.63,61.8,Media,18,2196.51,0.619,En observacion,588.1,890.05,149.0,303.66,26.74,175.08,0.0,63.88
505,3758.71,46.1,Media,23,2793.09,0.743,En observacion,1290.71,1088.56,75.04,0.0,0.0,272.83,0.0,65.95
506,4058.92,76.4,Media,18,2374.87,0.585,En observacion,961.45,609.06,546.94,0.0,0.0,180.1,0.0,77.32
507,4042.04,19.5,Alta,25,3292.72,0.815,Saludable,282.41,520.79,335.7,1020.51,267.55,512.51,311.06,42.19
508,8096.04,65.0,Alta,23,3250.76,0.402,En observacion,643.13,685.35,651.78,551.59,125.32,129.45,264.11,200.03
509,2623.45,36.1,Baja,15,1643.72,0.627,En observacion,325.58,309.44,47.5,313.77,0.0,578.33,0.0,69.1
510,2591.38,32.5,Baja,19,1587.22,0.612,En riesgo,518.21,395.81,170.96,0.0,218.16,161.33,122.75,0.0
511,3794.67,40.0,Alta,11,1325.02,0.349,Saludable,486.22,17.85,0.0,0.0,354.78,99.89,366.28,0.0
512,3216.03,63.2,Media,20,2204.58,0.685,En observacion,461.53,515.94,317.74,305.6,0.0,368.44,175.55,59.78
513,6048.02,27.3,Alta,18,2407.26,0.398,En observacion,397.42,531.06,251.83,833.44,0.0,251.56,0.0,141.95
514,4884.88,34.9,Alta,26,3609.12,0.739,En observacion,1378.68,224.34,70.92,538.07,275.45,71.88,516.95,532.83
515,3924.03,31.5,Baja,22,3014.09,0.768,En riesgo,1099.12,510.48,0.0,757.64,0.0,182.57,96.43,367.85
516,3124.3,30.7,Media,18,2396.75,0.767,En observacion,253.91,630.79,0.0,751.69,0.0,382.56,206.83,170.97
517,3109.89,10.0,Media,22,2840.58,0.913,En observacion,1158.17,478.64,0.0,0.0,594.5,305.53,208.66,95.08
518,3545.85,48.6,Media,22,3360.15,0.948,En riesgo,552.82,479.55,188.48,1544.15,0.0,140.72,112.18,342.25
519,4412.2,28.7,Alta,12,1775.53,0.402,Saludable,547.35,161.14,0.0,491.37,194.25,324.17,57.25,0.0
520,3227.0,42.7,Media,21,2787.12,0.864,En observacion,464.91,456.6,871.21,221.39,399.51,0.0,326.57,46.93
521,2874.61,68.6,Media,19,2293.37,0.798,En riesgo,512.46,479.45,0.0,315.85,119.54,304.05,384.4,177.62
522,3340.58,36.5,Alta,12,1395.62,0.418,Saludable,582.83,103.72,305.47,0.0,133.33,100.28,0.0,169.99
523,2727.51,56.0,Media,26,3452.78,1.266,En riesgo,1338.62,403.7,0.0,539.58,822.05,95.79,92.46,160.58
524,3160.41,22.2,Alta,11,1864.44,0.59,Saludable,267.29,47.36,314.72,581.98,270.59,169.74,212.76,0.0
525,3727.32,28.2,Media,13,1086.16,0.291,Saludable,13.29,490.85,0.0,0.0,246.88,182.61,32.34,120.19
526,1342.93,36.8,Media,23,2835.12,2.111,En riesgo,550.43,854.65,0.0,675.83,0.0,276.21,253.82,224.18
527,2732.19,50.3,Media,26,3765.69,1.378,En riesgo,686.01,821.51,388.8,814.32,429.37,18.72,401.82,205.14
528,5041.48,23.5,Media,17,2655.8,0.527,Saludable,890.43,0.0,356.31,880.65,0.0,347.32,19.72,161.37
529,2809.09,33.4,Media,8,887.04,0.316,En observacion,389.49,192.93,0.0,0.0,0.0,140.99,92.64,70.99
530,2407.06,26.6,Media,18,2258.68,0.938,En observacion,504.87,489.41,637.78,0.0,179.46,158.12,163.72,125.32
531,1771.69,15.7,Media,19,2147.98,1.212,En observacion,862.63,328.4,374.61,0.0,117.19,123.47,116.68,225.0
532,3930.73,13.2,Alta,9,1517.88,0.386,Saludable,187.52,294.73,183.59,556.99,0.0,85.02,112.49,97.54
533,2389.25,67.0,Media,11,1437.59,0.602,En observacion,430.55,430.93,0.0,460.93,0.0,0.0,76.69,38.49
534,3521.87,35.7,Baja,13,1856.77,0.527,En observacion,537.42,435.35,0.0,279.32,106.67,117.97,232.09,147.95
535,1947.53,29.8,Media,18,1761.37,0.904,En observacion,270.47,296.21,751.27,0.0,0.0,16.41,70.9,356.11
536,4005.4,56.3,Alta,9,928.48,0.232,En observacion,196.6,177.97,100.23,0.0,0.0,121.91,229.0,102.77
537,1362.03,18.2,Media,25,3634.72,2.669,En observacion,1269.81,717.8,359.2,738.31,0.0,176.53,339.92,33.15
538,3756.29,37.5,Baja,18,1758.98,0.468,En observacion,352.06,620.49,483.83,0.0,0.0,185.43,0.0,117.17
539,3224.79,37.7,Media,12,1617.43,0.502,En observacion,329.29,114.17,144.68,435.82,0.0,122.9,310.28,160.29
540,1748.88,48.0,Media,16,1912.58,1.094,En riesgo,780.86,307.8,356.22,0.0,150.33,188.16,129.21,0.0
541,5984.71,58.8,Media,11,944.04,0.158,En observacion,200.4,0.0,0.0,0.0,152.34,384.71,206.59,0.0
542,3360.25,39.9,Media,25,3769.42,1.122,En riesgo,766.16,850.28,290.78,933.81,0.0,363.02,234.84,330.53
543,2895.6,41.4,Alta,17,2195.4,0.758,En observacion,553.48,212.45,331.02,550.35,0.0,180.17,97.11,270.82
544,4277.0,14.1,Baja,14,1714.27,0.401,En riesgo,493.9,209.64,536.61,0.0,0.0,219.94,159.37,94.81
545,3006.64,48.9,Media,12,1674.07,0.557,En observacion,165.81,43.68,309.35,613.11,0.0,0.0,231.4,310.72
546,2000.16,19.5,Alta,25,3134.39,1.567,En observacion,224.74,488.15,577.42,623.83,168.82,103.59,413.42,534.42
547,6216.47,45.0,Media,15,1573.61,0.253,En observacion,681.64,234.06,286.69,0.0,0.0,220.15,42.11,108.96
548,4258.28,21.2,Alta,12,1557.65,0.366,Saludable,260.67,801.06,0.0,0.0,0.0,58.46,72.51,364.95
549,3788.05,17.9,Baja,9,1378.31,0.364,En observacion,270.39,405.78,481.41,0.0,0.0,89.31,131.42,0.0
550,2799.94,58.2,Media,10,1517.56,0.542,En observacion,0.0,215.31,0.0,569.69,379.18,0.0,232.27,121.11
551,2200.09,33.7,Baja,13,1530.99,0.696,En observacion,117.38,350.79,119.57,368.22,0.0,290.96,119.53,164.54
552,1634.87,4.7,Baja,23,2534.37,1.55,En riesgo,334.59,669.46,561.14,355.98,49.91,288.27,243.84,31.18
553,3768.1,24.7,Baja,22,1852.71,0.492,En observacion,139.36,815.18,68.75,0.0,235.61,143.72,222.95,227.14
554,4997.03,58.5,Baja,10,1003.73,0.201,En riesgo,203.61,376.86,158.69,0.0,0.0,0.0,222.76,41.81
555,2831.8,29.0,Baja,13,2319.29,0.819,En observacion,727.82,0.0,57.27,670.71,561.67,151.58,0.0,150.24
556,3582.87,17.5,Media,10,931.44,0.26,Saludable,38.45,437.25,0.0,0.0,0.0,70.68,253.32,131.74
557,4382.13,56.6,Alta,10,1274.55,0.291,En observacion,666.22,461.69,0.0,0.0,0.0,0.0,146.64,0.0
558,2451.49,12.8,Baja,22,2831.66,1.155,En riesgo,686.64,326.46,186.37,523.39,595.82,290.66,93.46,128.86
559,3462.58,71.4,Alta,18,2672.04,0.772,En observacion,961.05,462.74,166.77,589.53,370.82,58.56,15.18,47.39
560,2745.44,28.1,Media,10,1280.82,0.467,Saludable,680.46,249.3,0.0,0.0,0.0,0.0,183.42,167.64
561,2022.63,34.7,Media,18,2447.91,1.21,En riesgo,259.84,482.94,321.19,488.38,239.28,87.39,316.63,252.26
562,1902.28,15.8,Media,20,2554.68,1.343,En observacion,1020.14,465.57,0.0,616.59,0.0,237.58,214.8,0.0
563,3364.26,13.9,Media,8,1618.46,0.481,Saludable,305.97,0.0,0.0,459.6,585.44,0.0,91.57,175.88
564,6097.61,38.5,Media,20,1866.76,0.306,En observacion,408.0,142.31,642.37,0.0,186.34,265.42,61.19,161.13
565,2722.72,71.1,Media,22,3676.43,1.35,En riesgo,398.51,434.9,0.0,1858.19,0.0,236.14,255.72,492.97
566,3917.33,7.8,Alta,25,3367.39,0.86,Saludable,707.2,502.15,625.12,645.28,0.0,361.55,400.4,125.69
567,4081.81,28.5,Baja,12,1621.6,0.397,En observacion,280.47,243.07,479.75,492.96,0.0,46.73,78.62,0.0
568,3828.46,14.8,Media,23,2567.13,0.671,Saludable,1025.49,834.89,41.92,0.0,45.99,272.13,142.59,204.12
569,4163.3,3.2,Baja,10,1059.72,0.255,En observacion,155.15,35.84,470.32,0.0,0.0,147.6,250.81,0.0
570,3388.52,52.1,Media,16,1944.93,0.574,En observacion,557.31,950.52,0.0,0.0,0.0,116.14,0.0,320.96
571,1722.12,53.2,Media,22,2790.51,1.62,En riesgo,1070.89,514.99,572.12,0.0,233.54,58.27,253.2,87.5
572,4701.25,32.6,Alta,20,2269.43,0.483,Saludable,423.09,274.88,373.5,594.3,0.0,189.96,378.55,35.15
573,2684.75,51.2,Baja,15,1707.72,0.636,En riesgo,308.6,296.86,282.39,221.79,342.93,237.75,17.4,0.0
574,6014.32,57.5,Alta,26,4372.61,0.727,En observacion,716.33,696.72,762.3,1372.79,433.43,115.57,204.02,71.45
575,6907.5,11.0,Baja,25,3298.5,0.478,En observacion,428.04,316.91,681.03,882.38,0.0,546.56,241.77,201.81
576,3497.94,26.7,Media,11,930.95,0.266,Saludable,333.04,180.74,75.28,0.0,0.0,220.87,121.02,0.0
577,5169.94,51.8,Media,16,3078.39,0.595,En observacion,796.34,398.32,694.73,628.26,487.3,28.52,44.92,0.0
578,3155.22,45.7,Media,8,848.95,0.269,En observacion,482.05,65.38,105.87,0.0,0.0,16.87,0.0,178.78
579,3351.41,30.6,Media,18,3168.25,0.945,En riesgo,848.95,136.37,154.68,1508.12,0.0,275.7,133.71,110.72
580,3442.41,36.4,Baja,20,2550.64,0.741,En riesgo,478.36,524.06,232.22,0.0,503.84,315.53,158.13,338.5
581,5396.44,27.9,Media,11,1062.51,0.197,En observacion,299.08,386.17,0.0,295.83,0.0,81.43,0.0,0.0
582,2607.29,23.4,Baja,20,2467.52,0.946,En riesgo,838.38,208.58,180.96,381.78,301.56,278.64,150.73,126.89
583,1909.63,84.3,Media,8,914.85,0.479,En observacion,0.0,416.14,295.73,0.0,0.0,17.03,185.95,0.0
584,2329.07,14.9,Media,16,2504.29,1.075,En observacion,690.41,487.82,129.61,854.69,0.0,117.76,224.0,0.0
585,4608.86,36.0,Baja,21,3376.69,0.733,En riesgo,650.57,366.76,280.34,1270.61,0.0,295.3,513.11,0.0
586,4561.17,18.4,Media,16,1826.75,0.401,Saludable,484.38,885.07,55.81,242.47,0.0,45.31,95.58,18.13
587,3936.57,12.6,Media,11,1021.29,0.259,Saludable,483.73,174.23,0.0,0.0,60.06,171.95,131.32,0.0
588,3395.55,40.9,Alta,24,3006.99,0.886,En observacion,465.96,471.15,471.84,670.25,0.0,425.33,328.59,173.87
589,2581.07,28.3,Media,9,1221.31,0.473,Saludable,103.92,89.77,0.0,581.01,0.0,133.61,270.81,42.19
590,4029.0,12.5,Alta,20,2859.66,0.71,Saludable,965.73,438.35,235.71,955.14,0.0,202.39,62.34,0.0
591,1865.04,57.9,Media,10,850.82,0.456,En observacion,131.0,312.08,0.0,0.0,313.14,94.6,0.0,0.0
592,2873.46,48.9,Media,18,2866.55,0.998,En riesgo,1033.26,783.21,0.0,642.34,0.0,304.99,0.0,102.75
593,6801.79,46.4,Alta,13,1454.44,0.214,Saludable,690.9,276.54,228.11,0.0,130.6,0.0,128.29,0.0
594,3475.19,36.2,Media,10,1648.56,0.474,En observacion,88.9,157.02,214.32,593.56,118.51,116.88,216.26,143.11
595,7198.62,12.2,Media,23,2791.84,0.388,Saludable,603.88,562.68,519.83,549.36,0.0,116.33,155.51,284.25
596,1689.66,75.5,Media,9,1335.14,0.79,En riesgo,85.13,142.0,230.63,586.44,88.57,132.09,70.28,0.0
597,9356.68,46.2,Baja,9,1168.59,0.125,En observacion,816.05,0.0,0.0,0.0,211.14,0.0,141.4,0.0
598,3142.89,48.8,Media,24,3013.99,0.959,En riesgo,785.77,382.47,1062.56,0.0,62.03,416.49,304.67,0.0
599,3255.03,53.0,Baja,12,1684.04,0.517,En riesgo,425.03,303.49,0.0,586.68,83.69,143.36,48.74,93.05
600,10308.34,66.3,Baja,17,2790.39,0.271,En riesgo,1284.42,215.87,257.62,614.3,126.96,105.78,185.44,0.0
601,3654.7,14.4,Alta,19,2370.91,0.649,Saludable,1026.78,516.91,222.96,0.0,0.0,303.42,129.37,171.47
602,2233.73,37.4,Baja,15,2882.0,1.29,Saludable,369.09,0.0,448.14,1478.13,0.0,120.61,236.32,229.71
603,2894.36,38.3,Media,15,1811.29,0.626,En observacion,925.83,181.84,315.72,387.9,0.0,0.0,0.0,0.0
604,2803.15,27.3,Media,23,2432.56,0.868,En observacion,1113.17,354.71,289.05,0.0,395.35,101.29,105.67,73.32
605,7582.92,23.1,Media,17,3482.83,0.459,Saludable,1001.27,466.19,0.0,841.79,767.8,258.04,147.74,0.0
606,5434.36,41.0,Baja,26,4011.9,0.738,En riesgo,631.88,312.46,532.52,1656.46,261.53,244.96,353.24,18.85
607,5247.16,43.0,Media,15,2560.37,0.488,En observacion,889.2,156.82,194.06,634.62,230.02,82.61,227.07,145.97
608,2579.69,22.2,Media,13,1800.38,0.698,Saludable,232.99,254.29,119.79,597.03,0.0,121.62,141.32,333.34
609,2553.02,42.7,Baja,14,2082.23,0.816,En riesgo,952.56,236.15,268.39,0.0,355.07,0.0,270.06,0.0
610,3222.28,61.8,Media,24,2454.48,0.762,En riesgo,701.7,556.9,183.35,384.2,0.0,332.02,127.75,168.56
611,2761.64,21.0,Alta,24,3836.21,1.389,En observacion,1262.72,0.0,264.94,1265.83,194.55,207.94,451.77,188.46
612,4171.12,21.1,Media,8,1007.25,0.241,Saludable,0.0,66.98,377.56,0.0,379.44,79.96,103.31,0.0
613,5065.57,26.7,Baja,22,2943.83,0.581,En observacion,676.23,905.22,157.09,594.64,0.0,245.29,365.36,0.0
614,2303.67,44.3,Baja,22,3096.09,1.344,En riesgo,704.51,853.51,0.0,669.14,0.0,305.22,522.98,40.73
615,3607.04,29.3,Media,21,3885.74,1.077,En observacion,737.86,525.86,430.39,1694.37,0.0,318.05,126.37,52.84
616,4621.31,25.4,Media,24,4088.38,0.885,En observacion,941.47,500.09,837.58,1003.43,0.0,307.07,176.98,321.76
617,2627.45,15.6,Media,26,3514.04,1.337,En observacion,843.65,850.31,245.78,647.1,245.29,114.07,302.97,264.87
618,2857.22,35.6,Alta,26,2946.07,1.031,En observacion,390.01,275.17,570.46,501.49,247.88,571.5,389.56,0.0
619,2989.17,46.1,Baja,22,2865.69,0.959,En riesgo,1419.06,470.09,0.0,328.64,327.21,179.81,89.38,51.5
620,6618.15,15.9,Alta,16,2166.4,0.327,Saludable,792.06,651.43,262.51,0.0,176.94,120.32,65.72,97.42
621,4884.8,39.4,Alta,22,3669.99,0.751,En observacion,641.94,27.47,856.56,1228.68,0.0,252.6,431.37,231.37
622,3791.7,17.6,Baja,12,1655.65,0.437,En observacion,366.69,87.31,0.0,818.41,191.23,77.38,63.97,50.66
623,5367.33,45.4,Media,18,2452.25,0.457,En observacion,585.02,661.76,443.81,409.55,0.0,184.1,168.01,0.0
624,1873.41,45.6,Baja,14,1776.97,0.949,En riesgo,868.53,496.95,96.1,0.0,112.27,76.93,0.0,126.19
625,5104.98,16.5,Media,11,1689.15,0.331,Saludable,181.23,361.04,24.75,383.32,524.55,88.72,125.54,0.0
626,3422.98,54.1,Alta,23,2344.35,0.685,En observacion,727.32,465.11,237.52,534.52,0.0,45.07,334.81,0.0
627,7951.99,64.8,Alta,22,2557.51,0.322,En observacion,762.36,744.1,0.0,417.55,0.0,280.59,211.77,141.14
628,3526.5,18.6,Alta,26,4102.62,1.163,En observacion,997.72,613.93,170.2,1544.06,103.19,191.62,254.39,227.51
629,1811.34,13.5,Baja,26,3995.1,2.206,En riesgo,684.52,482.68,175.36,376.36,1774.21,63.6,297.64,140.73
630,3608.61,39.6,Baja,14,2034.68,0.564,En observacion,247.0,327.75,92.63,870.95,0.0,267.19,102.13,127.03
631,5881.33,29.0,Media,8,1052.34,0.179,Saludable,581.32,138.34,0.0,0.0,243.48,89.2,0.0,0.0
632,3397.77,9.7,Baja,9,991.23,0.292,En observacion,336.06,201.43,346.72,0.0,0.0,22.5,0.0,84.52
633,3622.3,35.4,Baja,21,2507.78,0.692,En riesgo,700.23,553.39,55.1,458.87,374.91,141.71,20.84,202.73
634,1837.08,59.6,Media,12,1375.4,0.749,En riesgo,16.94,211.42,448.68,301.74,0.0,129.09,90.47,177.06
635,8504.38,78.3,Alta,16,2501.25,0.294,En observacion,496.22,436.98,289.87,1031.71,0.0,63.54,64.07,118.86
636,3103.54,62.2,Media,24,3387.96,1.092,En riesgo,716.58,507.15,0.0,505.07,558.02,439.04,234.85,427.25
637,2514.47,60.7,Baja,9,1224.77,0.487,En riesgo,30.58,315.04,48.54,524.65,0.0,0.0,115.31,190.65
638,4485.79,20.6,Media,16,2382.92,0.531,Saludable,621.22,50.44,158.86,1036.68,0.0,215.65,181.8,118.27
639,1232.71,35.7,Alta,15,2230.08,1.809,En observacion,1034.96,299.45,0.0,596.83,0.0,298.84,0.0,0.0
640,3094.99,13.6,Baja,13,1439.34,0.465,En riesgo,519.05,166.7,208.95,0.0,122.81,51.97,369.86,0.0
641,3955.41,16.5,Baja,14,2340.52,0.592,En observacion,776.17,436.27,252.19,550.08,0.0,0.0,218.26,107.55
642,2122.05,28.8,Baja,24,3848.94,1.814,En riesgo,667.25,584.12,219.15,631.88,572.25,464.78,469.79,239.72
643,2737.16,30.9,Media,12,1793.36,0.655,En observacion,311.32,280.47,0.0,806.32,50.38,0.0,165.99,178.88
644,4933.23,15.7,Alta,17,2059.67,0.418,Saludable,879.94,821.99,227.74,0.0,0.0,0.0,0.0,130.0
645,5033.23,16.7,Alta,13,1790.57,0.356,Saludable,364.6,211.85,390.93,0.0,422.33,72.6,162.17,166.09
646,4852.46,30.9,Media,12,1753.17,0.361,Saludable,471.64,330.05,456.98,0.0,359.34,118.27,0.0,16.89
647,5681.2,31.4,Media,10,1493.23,0.263,En observacion,737.32,170.44,396.32,0.0,0.0,129.63,0.0,59.52
648,5431.61,61.3,Baja,23,3340.48,0.615,En riesgo,250.7,643.15,212.22,945.36,446.71,156.15,493.04,193.15
649,4331.32,69.0,Media,12,915.53,0.211,En observacion,41.66,0.0,141.92,0.0,0.0,276.92,97.28,357.75
650,1680.84,20.0,Alta,8,908.87,0.541,Saludable,421.95,225.0,63.32,0.0,130.99,67.61,0.0,0.0
651,1665.8,16.7,Media,24,3539.67,2.125,En observacion,524.67,510.35,419.26,599.13,704.69,477.77,39.72,264.08
652,2091.48,62.3,Baja,9,1712.11,0.819,En riesgo,337.36,326.55,31.55,481.4,385.23,8.31,141.71,0.0
653,2048.31,13.9,Baja,16,2745.83,1.341,En riesgo,460.7,354.99,572.94,1122.83,0.0,12.12,148.61,73.64
654,4008.53,57.0,Baja,22,2647.01,0.66,En riesgo,583.62,173.33,464.71,523.05,266.36,450.33,164.95,20.66
655,2792.7,10.4,Baja,16,2157.06,0.772,En observacion,530.31,553.93,425.83,266.63,0.0,118.27,262.09,0.0
656,2161.76,31.3,Baja,25,2445.1,1.131,En riesgo,543.19,114.93,282.96,0.0,134.15,489.32,776.6,103.95
657,2849.73,53.1,Media,18,2861.3,1.004,En riesgo,1144.86,715.19,131.07,571.29,0.0,18.56,280.33,0.0
658,2556.59,40.5,Media,14,1880.8,0.736,En observacion,312.54,600.27,0.0,275.95,550.43,0.0,0.0,141.61
659,6956.75,19.4,Media,14,2520.2,0.362,Saludable,162.53,238.61,248.51,1319.53,45.77,210.75,294.5,0.0
660,3291.37,34.1,Alta,22,2414.23,0.734,En observacion,782.68,644.14,134.3,576.18,0.0,233.44,43.49,0.0
661,4971.26,20.5,Alta,10,1103.01,0.222,Saludable,267.92,255.9,491.58,0.0,32.39,55.22,0.0,0.0
662,7434.03,24.2,Alta,20,2647.71,0.356,Saludable,1248.08,234.73,301.91,483.38,0.0,146.42,0.0,233.19
663,2687.14,49.8,Baja,11,818.49,0.305,En observacion,215.53,68.52,45.5,0.0,262.94,205.12,0.0,20.88
664,2754.89,11.3,Media,13,2089.8,0.759,En observacion,338.37,0.0,0.0,1256.79,37.45,118.18,339.01,0.0
665,3343.96,13.9,Baja,12,1425.73,0.426,En observacion,734.92,186.07,138.96,220.52,0.0,0.0,114.48,30.78
666,3242.14,39.6,Media,10,1522.3,0.47,En observacion,431.05,344.97,0.0,546.29,0.0,0.0,157.3,42.69
667,2904.8,32.4,Baja,23,3416.15,1.176,En riesgo,1540.04,570.51,337.36,610.97,0.0,148.29,208.98,0.0
668,3375.93,41.1,Media,13,1808.02,0.536,En observacion,192.9,508.37,200.65,445.81,0.0,0.0,91.1,369.19
669,5814.31,81.9,Alta,15,1963.67,0.338,En observacion,261.32,231.77,0.0,814.76,0.0,81.47,479.76,94.59
670,3685.53,24.1,Baja,9,1045.31,0.284,En observacion,121.52,364.73,378.0,0.0,0.0,0.0,42.59,138.47
671,3208.25,36.8,Alta,19,1953.69,0.609,Saludable,491.86,356.17,608.99,0.0,214.14,223.94,58.59,0.0
672,4095.36,12.1,Baja,12,1803.12,0.44,En observacion,710.52,272.7,58.09,555.15,0.0,99.98,106.68,0.0
673,11736.55,7.8,Media,22,3153.73,0.269,En observacion,879.52,518.87,619.42,509.44,0.0,403.08,130.51,92.89
674,4057.03,21.1,Alta,14,1424.54,0.351,Saludable,593.17,404.43,0.0,0.0,26.65,196.85,203.44,0.0
675,3693.86,24.0,Alta,16,2468.62,0.668,Saludable,1089.62,362.81,245.57,0.0,286.14,104.0,191.35,189.13
676,3182.81,13.3,Alta,10,1604.93,0.504,Saludable,382.53,0.0,424.84,597.72,0.0,180.05,19.79,0.0
677,4723.66,22.2,Media,20,2076.12,0.44,Saludable,729.29,334.83,216.92,331.31,125.41,316.15,22.21,0.0
678,4242.24,31.1,Alta,8,979.98,0.231,Saludable,256.19,124.4,0.0,0.0,308.79,238.46,0.0,52.14
679,4184.34,39.5,Media,20,2219.94,0.531,En observacion,668.16,393.39,244.14,172.39,0.0,197.27,544.59,0.0
680,1937.41,25.8,Media,24,2966.54,1.531,En observacion,511.99,852.23,280.12,338.5,0.0,366.67,378.66,238.37
681,3915.54,21.9,Media,14,1286.36,0.329,Saludable,388.6,409.54,0.0,0.0,0.0,113.24,147.17,227.81
682,3221.97,39.8,Baja,21,2519.98,0.782,En riesgo,515.78,413.19,257.66,172.89,0.0,457.26,138.43,564.77
683,3918.18,24.7,Media,13,1962.18,0.501,Saludable,542.86,162.93,0.0,618.22,0.0,313.0,149.35,175.82
684,4143.17,1.3,Baja,24,3418.48,0.825,En observacion,513.03,290.65,939.42,0.0,1113.77,411.76,0.0,149.85
685,1929.18,79.0,Media,19,2021.57,1.048,En riesgo,760.67,352.08,251.71,0.0,0.0,203.21,168.07,285.83
686,6924.41,49.8,Alta,20,2907.06,0.42,Saludable,215.36,286.26,234.24,1265.73,0.0,59.09,182.34,664.04
687,4263.55,57.7,Media,26,3625.33,0.85,En riesgo,1049.6,743.42,617.16,607.26,0.0,265.62,0.0,342.27
688,2700.89,30.5,Alta,17,1968.81,0.729,En observacion,252.16,465.4,237.63,0.0,263.85,247.27,293.03,209.47
689,3699.57,27.9,Alta,19,2433.68,0.658,Saludable,319.82,589.22,0.0,945.42,0.0,303.96,275.26,0.0
690,3330.58,22.7,Media,10,1742.87,0.523,Saludable,746.23,0.0,0.0,756.97,0.0,30.69,84.69,124.29
691,2610.17,20.0,Baja,24,3273.23,1.254,En riesgo,990.12,1203.33,473.85,0.0,0.0,298.45,103.47,204.01
692,2247.47,30.3,Media,20,3221.48,1.433,En riesgo,303.55,631.84,0.0,1229.86,580.26,132.92,343.05,0.0
693,4046.18,25.9,Baja,18,1810.58,0.447,En observacion,523.65,488.06,0.0,0.0,153.43,128.57,254.06,262.81
694,3237.0,6.7,Baja,8,678.75,0.21,En observacion,151.09,275.71,38.43,0.0,0.0,9.91,59.33,144.28
695,6749.04,12.7,Baja,26,3298.34,0.489,En observacion,1001.67,204.26,387.8,644.58,352.21,96.96,342.09,268.77
696,3651.04,33.0,Alta,10,2275.49,0.623,Saludable,773.37,150.74,194.88,1096.61,0.0,59.89,0.0,0.0
697,2543.93,16.1,Media,11,1598.18,0.628,Saludable,348.73,161.71,483.2,163.14,229.8,86.43,27.34,97.83
698,6467.08,44.5,Alta,26,3207.7,0.496,Saludable,585.2,980.73,484.58,0.0,0.0,140.44,577.04,439.71
699,8103.58,30.5,Media,26,2979.53,0.368,En observacion,920.22,274.79,456.03,368.36,0.0,432.51,379.63,147.99
700,3138.73,4.8,Baja,10,1412.38,0.45,En observacion,771.94,94.62,0.0,0.0,0.0,0.0,343.42,202.4
701,2758.45,40.2,Media,22,2633.98,0.955,En riesgo,493.16,963.53,437.84,220.29,0.0,108.36,333.56,77.24
702,3605.16,20.4,Baja,15,1604.07,0.445,En observacion,606.36,500.16,0.0,0.0,0.0,326.57,61.12,109.86
703,3921.22,49.4,Baja,23,2632.29,0.671,En observacion,430.29,778.35,36.73,308.27,0.0,335.81,461.9,280.94
704,4559.08,12.2,Alta,23,2902.81,0.637,Saludable,879.37,488.92,232.32,342.38,229.55,382.82,74.58,272.87
705,3853.73,52.4,Baja,24,3961.29,1.028,En riesgo,1074.29,323.78,0.0,1353.97,483.22,140.95,309.66,275.42
706,3788.03,48.8,Media,10,969.43,0.256,En observacion,109.95,397.4,171.53,0.0,0.0,153.32,73.78,63.45
707,10405.84,22.0,Alta,18,2280.62,0.219,Saludable,1094.08,263.71,214.49,0.0,0.0,114.25,385.28,208.81
708,4070.11,45.0,Media,24,2657.02,0.653,En observacion,546.81,519.82,23.93,511.16,579.46,200.01,260.9,14.93
709,4532.42,33.6,Media,14,1956.05,0.432,En observacion,875.82,235.34,0.0,158.56,287.06,124.35,274.92,0.0
710,4610.67,12.5,Baja,25,3253.69,0.706,En observacion,1406.63,151.48,464.55,540.63,0.0,341.53,200.75,148.12
711,4499.9,50.6,Alta,18,2363.24,0.525,En observacion,1027.53,315.11,234.87,461.74,0.0,151.61,172.38,0.0
712,2863.84,15.0,Baja,23,3185.66,1.112,En riesgo,627.1,152.38,240.37,1115.51,336.86,113.79,199.34,400.31
713,3327.68,21.8,Alta,10,1363.44,0.41,Saludable,529.94,0.0,429.5,0.0,0.0,325.38,78.62,0.0
714,2784.24,20.7,Baja,12,1746.06,0.627,En observacion,300.52,599.5,316.17,0.0,406.61,0.0,123.26,0.0
715,2390.79,6.2,Baja,15,2870.84,1.201,En riesgo,322.77,282.79,437.25,1151.01,189.4,247.68,239.94,0.0
716,1990.38,17.4,Baja,18,2824.09,1.419,En riesgo,532.01,223.36,567.19,895.53,200.83,171.62,172.95,60.6
717,4090.95,59.7,Media,21,2703.2,0.661,En observacion,201.71,206.3,577.98,406.65,590.14,0.0,587.86,132.56
718,2527.23,18.6,Baja,8,1335.85,0.529,En observacion,532.57,57.33,225.7,435.12,0.0,85.13,0.0,0.0
719,6477.2,37.7,Baja,22,3745.22,0.578,Saludable,1214.41,275.31,1192.83,564.35,0.0,207.62,171.44,119.26
720,1862.39,30.2,Baja,16,1642.51,0.882,En riesgo,690.54,347.28,234.5,0.0,0.0,150.6,171.98,47.61
721,7424.64,31.9,Alta,25,3251.02,0.438,Saludable,849.17,835.73,552.42,0.0,0.0,743.74,146.08,123.88
722,5580.04,18.7,Baja,17,1790.75,0.321,En observacion,191.27,520.93,571.31,0.0,142.22,292.98,0.0,72.04
723,4627.77,36.0,Baja,22,3218.68,0.696,En observacion,233.76,55.65,252.26,1452.9,168.06,392.19,454.62,209.24
724,3440.01,31.4,Media,16,2788.18,0.811,En observacion,199.46,460.36,563.88,1048.6,0.0,242.12,167.15,106.61
725,3742.85,20.8,Baja,16,2771.36,0.74,En observacion,1117.42,338.76,184.45,632.76,92.74,58.33,240.74,106.16
726,1960.5,50.9,Media,25,2856.84,1.457,En riesgo,892.81,0.0,548.19,210.52,278.82,353.11,410.6,162.79
727,3879.2,47.6,Alta,9,915.48,0.236,Saludable,259.01,354.94,138.5,150.57,0.0,12.46,0.0,0.0
728,3944.82,69.1,Media,11,2130.85,0.54,En observacion,10.92,317.38,0.0,1494.67,0.0,0.0,307.88,0.0
729,3984.14,64.0,Media,23,3407.62,0.855,En riesgo,604.26,538.01,254.68,1016.96,533.68,36.73,340.29,83.01
730,5146.69,16.7,Media,20,3038.71,0.59,Saludable,627.07,658.86,539.04,329.59,592.25,125.83,0.0,166.07
731,5316.77,78.2,Media,15,2372.48,0.446,En observacion,771.15,366.81,527.04,0.0,252.75,133.56,230.25,90.92
732,3662.29,32.1,Baja,10,1100.86,0.301,En observacion,170.58,184.84,84.49,385.79,0.0,119.99,155.17,0.0
733,4775.85,40.8,Baja,10,1233.05,0.258,En observacion,0.0,392.26,187.76,190.8,0.0,129.49,220.77,111.97
734,3562.09,47.3,Alta,20,2796.48,0.785,En observacion,262.5,468.45,0.0,1659.03,0.0,67.47,137.41,201.62
735,3552.96,25.8,Media,21,2688.06,0.757,En observacion,409.42,1124.28,337.47,224.34,0.0,242.9,58.96,290.69
736,3566.43,57.9,Media,16,2515.45,0.705,En riesgo,484.16,482.19,0.0,739.68,228.52,26.59,426.29,128.02
737,3357.42,4.6,Media,25,3838.42,1.143,En observacion,1136.82,1136.61,873.74,0.0,0.0,291.13,68.22,331.9
738,3309.26,21.7,Baja,13,2169.16,0.655,En observacion,599.81,539.78,190.87,426.74,0.0,386.92,0.0,25.04
739,4034.65,33.0,Alta,23,3207.44,0.795,En observacion,791.22,269.05,0.0,1485.9,110.99,192.49,51.61,306.18
740,2759.94,51.1,Baja,22,2777.27,1.006,En riesgo,915.02,138.69,427.59,472.48,0.0,132.16,364.32,327.01
741,2375.09,44.2,Baja,14,1631.69,0.687,En observacion,516.66,284.5,37.37,394.26,0.0,182.04,61.57,155.29
742,2538.7,26.4,Baja,10,1324.47,0.522,En observacion,267.5,378.82,313.67,0.0,0.0,186.22,178.26,0.0
743,3667.14,5.2,Media,26,3406.41,0.929,En observacion,630.84,716.27,183.49,749.07,238.14,367.48,260.58,260.54
744,4571.09,43.8,Media,8,995.54,0.218,En observacion,329.9,204.47,55.05,157.75,0.0,114.57,133.8,0.0
745,4692.09,55.3,Media,26,3355.68,0.715,En riesgo,1247.06,581.61,204.05,520.89,194.2,257.94,235.48,114.45
746,2139.31,29.3,Baja,15,1830.5,0.856,En observacion,277.45,33.96,467.8,456.0,69.16,322.58,130.69,72.86
747,2955.04,25.3,Media,14,1697.53,0.574,Saludable,649.84,13.52,0.0,508.66,0.0,99.34,376.05,50.12
748,6380.7,28.6,Media,24,3331.76,0.522,En riesgo,850.81,793.62,0.0,1019.3,0.0,175.82,261.64,230.57
749,2489.73,27.2,Media,10,1054.82,0.424,Saludable,289.12,255.15,137.74,207.34,0.0,118.88,46.59,0.0
750,4228.98,4.3,Media,8,955.67,0.226,Saludable,0.0,431.44,218.86,0.0,0.0,289.08,16.29,0.0
751,1533.91,22.5,Media,21,2369.87,1.545,En observacion,518.83,465.2,135.29,500.24,87.41,364.17,239.0,59.73
752,4759.19,25.6,Media,16,2346.69,0.493,Saludable,450.2,437.29,193.32,497.14,317.81,130.81,198.8,121.32
753,2768.65,76.9,Baja,17,1613.18,0.583,En riesgo,53.84,418.24,298.41,0.0,173.07,330.42,159.81,179.39
754,4183.0,28.2,Alta,15,1904.28,0.455,Saludable,224.45,924.07,367.0,0.0,0.0,25.82,273.69,89.25
755,6350.6,28.3,Alta,12,1864.2,0.294,Saludable,229.77,612.72,230.24,311.62,310.36,0.0,0.0,169.49
756,2572.07,11.1,Media,18,1659.26,0.645,Saludable,540.16,531.67,194.89,0.0,0.0,197.63,155.88,39.03
757,1205.47,10.5,Media,16,3031.27,2.515,En observacion,618.63,289.64,92.58,969.53,551.64,151.28,201.83,156.14
758,3111.02,34.3,Media,23,3643.99,1.171,En riesgo,1536.45,730.23,211.93,554.79,0.0,208.72,328.3,73.57
759,5468.86,26.5,Baja,24,3321.67,0.607,En observacion,506.04,780.21,72.76,0.0,573.06,218.16,620.72,550.72
760,4348.67,27.5,Media,20,2363.12,0.543,Saludable,278.49,765.3,76.54,629.04,0.0,205.42,143.36,264.97
761,3855.73,23.3,Baja,21,3100.15,0.804,En observacion,1422.03,433.45,497.57,557.81,0.0,105.97,83.32,0.0
762,3042.89,62.4,Media,14,1778.13,0.584,Saludable,602.89,369.36,0.0,0.0,360.97,51.7,255.92,137.29
763,5648.05,9.1,Baja,10,1578.14,0.279,En observacion,293.17,489.41,105.0,506.95,0.0,59.02,124.59,0.0
764,4088.49,11.2,Baja,12,1989.96,0.487,En observacion,515.49,495.79,65.94,590.77,128.64,0.0,26.12,167.21
765,2780.95,10.2,Baja,18,3026.29,1.088,En riesgo,389.86,802.31,384.13,770.87,231.38,95.18,150.87,201.69
766,2324.22,45.4,Media,10,1291.46,0.556,En observacion,697.24,284.48,0.0,0.0,163.03,17.41,0.0,129.3
767,4816.01,40.3,Media,24,2086.36,0.433,En observacion,206.75,218.21,448.12,502.68,0.0,62.45,514.76,133.39
768,2181.47,13.8,Baja,22,2481.86,1.138,En riesgo,1086.21,216.02,0.0,0.0,318.34,526.15,151.44,183.7
769,2862.16,38.0,Baja,13,1620.14,0.566,En observacion,1104.71,0.0,203.52,0.0,0.0,137.11,38.05,136.75
770,3866.09,16.1,Baja,23,3029.66,0.784,En observacion,417.73,391.61,429.75,741.67,199.74,201.77,519.67,127.72
771,1649.87,22.2,Media,20,2441.51,1.48,En observacion,1343.86,300.0,84.49,0.0,0.0,356.65,214.15,142.36
772,4725.99,24.6,Alta,24,3615.97,0.765,Saludable,201.57,624.45,544.34,1194.07,0.0,344.12,334.19,373.23
773,2437.34,56.7,Baja,19,4219.93,1.731,En riesgo,959.36,568.1,177.86,1775.24,393.94,153.64,191.79,0.0
774,2196.13,29.8,Media,18,2688.23,1.224,Saludable,600.79,165.6,121.62,620.37,861.39,116.19,32.97,169.3
775,2727.01,62.4,Baja,17,2304.71,0.845,En riesgo,926.18,330.03,204.16,555.2,73.06,82.13,133.95,0.0
776,3290.23,19.2,Media,11,1544.93,0.47,Saludable,527.8,748.08,0.0,0.0,0.0,54.61,0.0,214.44
777,1551.11,50.8,Media,18,2154.04,1.389,En riesgo,1005.84,410.35,380.38,0.0,0.0,116.14,84.77,156.56
778,2719.18,34.8,Baja,25,3520.72,1.295,En riesgo,491.82,585.7,755.79,801.76,317.47,218.77,193.06,156.35
779,2614.95,68.7,Media,15,2732.15,1.045,En riesgo,0.0,645.99,515.41,1157.27,160.68,140.54,83.36,28.9
780,5070.07,64.6,Baja,18,2387.98,0.471,En riesgo,222.64,345.48,446.38,564.53,275.69,221.3,182.6,129.36
781,3676.1,42.5,Alta,16,2340.78,0.637,Saludable,803.43,323.76,0.0,570.91,371.1,26.39,0.0,245.19
782,1983.53,59.6,Baja,24,3261.88,1.644,En riesgo,842.93,724.8,192.85,463.71,0.0,617.49,29.93,390.17
783,9846.59,57.0,Media,11,2014.26,0.205,En observacion,1010.64,340.21,0.0,543.53,0.0,0.0,119.88,0.0
784,3450.22,42.7,Alta,21,3409.31,0.988,En observacion,635.17,615.9,395.57,1008.55,0.0,106.91,76.49,570.72
785,2397.14,75.9,Media,8,933.73,0.39,En observacion,547.09,0.0,88.92,0.0,0.0,208.78,0.0,88.94
786,5911.51,39.6,Alta,26,3602.17,0.609,Saludable,1597.21,598.64,786.25,0.0,119.24,333.4,0.0,167.43
787,2301.17,22.3,Baja,24,2469.52,1.073,En riesgo,622.51,878.04,0.0,426.74,148.32,185.17,181.41,27.33
788,4011.76,25.7,Media,19,2329.56,0.581,Saludable,534.92,500.7,281.45,0.0,102.55,320.56,362.35,227.03
789,2419.12,48.8,Baja,25,2903.38,1.2,En riesgo,718.23,485.39,221.5,0.0,579.81,429.29,154.43,314.73
790,5265.17,18.2,Alta,22,3298.97,0.627,Saludable,1112.17,722.95,293.01,0.0,276.44,341.18,553.22,0.0
791,5136.67,8.1,Alta,11,1143.25,0.223,Saludable,557.83,73.01,402.97,0.0,81.13,28.31,0.0,0.0
792,3114.89,41.5,Alta,12,1698.66,0.545,Saludable,389.32,11.01,297.36,354.26,293.73,46.52,126.37,180.09
793,4050.06,60.3,Media,22,2597.1,0.641,En observacion,851.25,672.58,18.98,0.0,322.52,321.31,282.43,128.03
794,3608.82,23.0,Baja,15,2462.63,0.682,Saludable,522.27,342.19,463.46,659.21,192.81,49.22,139.45,94.02
795,2820.83,40.5,Baja,13,2075.84,0.736,Saludable,724.33,517.39,247.05,214.83,0.0,0.0,135.96,236.28
796,4748.8,15.9,Media,19,2278.37,0.48,Saludable,306.34,732.85,171.73,544.61,0.0,203.82,37.99,281.03
797,5972.14,56.8,Media,10,1564.61,0.262,En observacion,398.4,201.94,0.0,756.87,0.0,0.0,153.31,54.09
798,2350.41,38.9,Media,11,726.3,0.309,En observacion,45.19,154.25,230.27,0.0,0.0,70.1,154.22,72.27
799,3932.96,32.8,Media,17,2433.93,0.619,En observacion,697.05,197.75,319.4,613.47,235.57,27.53,343.16,0.0
800,2306.38,34.4,Baja,25,2686.32,1.165,En riesgo,656.58,608.46,57.34,361.29,178.95,189.74,524.04,109.92
